"Created-At";"From-User";"From-User-Id";"To-User";"To-User-Id";"Language";"Source";"Text";"Geo-Location-Latitude";"Geo-Location-Longitude";"Retweet-Count";"Id"
2023-06-18 06:38:14;"InitialD| Dhieta | ??? |?";"86692705";;"-1";"in";"<a href='http://twitter.com/download/android' rel='nofollow'>Twitter for Android</a>";"Bandung only. Ada yang mau nonton The Little Mermaid di PVJ jam 11.00 hari ini? Bayar 30k aja (OVO/Gopay/BCA). Gue batal nonton karena gak enak badan. Tolong bantu RT yaa. https://t.co/zEY4DOGa02";;;8;"1670214297547603968"
2023-06-16 19:58:28;"SiPalingBioskop";"1191622736801456128";;"-1";"in";"<a href='http://twitter.com/download/android' rel='nofollow'>Twitter for Android</a>";"Menuju penghujung minggu, The Little Mermaid masih mempertahankan layar karena sedikit lagi akan menuju libur sekolah.

Tentunya, film fairytale seperti ini jadi film yang ramah untuk ditonton bareng keluarga. 

Sedikit kilas balik dari aku tentang The Little Mermaid yang… https://t.co/ehlH2iiAeI https://t.co/yroccU8g6j";;;16;"1669690908378554368"
2023-06-11 18:32:52;"Cinetariz";"43539771";;"-1";"in";"<a href='http://twitter.com/download/android' rel='nofollow'>Twitter for Android</a>";"Akhirnya nonton lagi 'The Little Mermaid' setelah diajakin temen & masih ngerasain sensasi yg sama seperti pertama kali: bahagia!

Selain terhibur dengan guyonan & petualangannya yg asyik, suara merdu Halle Bailey selalu berhasil membuatku merinding & menitikkan air mata. Magis! https://t.co/XJdYrw15KC";;;22;"1667857425901436929"
2023-06-18 20:19:45;"Shen.";"1636347511052058624";"sk8rfear";"1013313158981644288";"in";"<a href='http://twitter.com/download/android' rel='nofollow'>Twitter for Android</a>";"@sk8rfear (((meninggal))). Ngakak Brutal, WKWKWK. Lho, betulan dari The Little Mermaid. Cantik banget sih memang. Semoga misi tidak dikira meninggalnya dinotice orang-orang, ya. LMAO.";;;0;"1670421039871070208"
2023-06-18 19:50:26;"TXT DARI JAKARTA";"1252667805947723776";;"-1";"in";"<a href='http://twitter.com/download/iphone' rel='nofollow'>Twitter for iPhone</a>";"yang kemarin nonton the little mermaid siapa aja nih? 

mimin baru aja nonton, telat emg wkwk tapi gapapa, ni mimin kasih fun fact dari movienya

??8,5/10 https://t.co/KeZaaREOo2";;;0;"1670413663591886849"
2023-06-18 19:47:51;"Damian.";"1013313158981644288";"depvty";"1636347511052058624";"in";"<a href='http://twitter.com/download/android' rel='nofollow'>Twitter for Android</a>";"@depvty Yes betul, Shen! Exhibition dari The Little Mermaid, walau ruangannya kecil tapi lumayan deh buat update di Instagram biar enggak dikira meninggal.";;;0;"1670413011876724737"
2023-06-18 19:27:32;"clio (tv)";"1637096298854891520";"jeinmura";"872426897304543234";"in";"<a href='http://twitter.com/download/android' rel='nofollow'>Twitter for Android</a>";"@jeinmura MAKASI! itu di plaza senayan!! The little mermaid exhibition! TP TERAKHIR HARI INII";;;0;"1670407900337176576"
2023-06-18 19:19:05;"Indra_bung";"519400941";"bicaraboxoffice";"907454761766494208";"in";"<a href='https://mobile.twitter.com' rel='nofollow'>Twitter Web App</a>";"@bicaraboxoffice Ya mungkin start di tahun ini kita countdown film² Disney dimulai dari the little mermaid yaa,,,?";;;0;"1670405773170716672"
2023-06-18 16:39:21;"she series";"1447400076";"moviemenfes";"1565895180";"in";"<a href='http://twitter.com/download/iphone' rel='nofollow'>Twitter for iPhone</a>";"@moviemenfes Terakhir nonton the little mermaid. Spiderman sama the flash blm jd2";;;0;"1670365574285914112"
2023-06-18 16:15:26;"R!N";"1453951332340027396";;"-1";"in";"<a href='http://twitter.com/download/android' rel='nofollow'>Twitter for Android</a>";"ternyata bagus bgt dah the little mermaid. pemeran nya oke banget, jokes nya dapet";;;0;"1670359554104918016"
2023-06-18 16:05:25;"vloi";"1216183298201796608";"moviemenfes";"1565895180";"in";"<a href='https://mobile.twitter.com' rel='nofollow'>Twitter Web App</a>";"@moviemenfes terakhir nonton the little mermaid";;;0;"1670357035035279360"
2023-06-18 15:55:07;"nuna?";"1427543464183427072";"moviemenfes";"1565895180";"in";"<a href='http://twitter.com/download/android' rel='nofollow'>Twitter for Android</a>";"@moviemenfes baru kemarin kamis nonton the little mermaid";;;0;"1670354443286765569"
2023-06-18 15:53:19;"Melissa Stretton";"947393104549593088";"HabisNontonFilm";"1083056591383875584";"in";"<a href='http://twitter.com/download/iphone' rel='nofollow'>Twitter for iPhone</a>";"@HabisNontonFilm Fans disney yang abis huru hara the little mermaid melihat huru hara fans one piece cuma bisa bilang:

“First time?”

Paham kan sekarang kenapa kemaren huru hara itu fans disney????";;;0;"1670353991878967297"
2023-06-18 15:20:16;"?";"1227917625977532418";;"-1";"in";"<a href='http://twitter.com/download/android' rel='nofollow'>Twitter for Android</a>";"mau nonton the little mermaid tp udh gaada yg deket rumah ihh malesssss";;;0;"1670345670706987008"
2023-06-18 14:11:18;"rizkaaaa";"1545053753300045829";;"-1";"in";"<a href='http://twitter.com/download/android' rel='nofollow'>Twitter for Android</a>";"maaf ya phi @S_SiscaJKT48 bukan aku gasuka disney, emng lagi gamau nonton the little mermaid aja??";;;0;"1670328314391851010"
2023-06-18 13:23:25;"nath²² | ready to be gamada 23 ?";"1421829872821825543";"sbcdksxlc";"1160107680419049472";"in";"<a href='http://twitter.com/download/android' rel='nofollow'>Twitter for Android</a>";"@sbcdksxlc @cosmocheis @moviemenfes the little mermaid tuh dr fiksi ya kak, jdi ga masalah ?????? klo Moana kan emg kudunya org polynesian ,";;;0;"1670316267872604161"
2023-06-18 12:31:09;"K";"28352012";"ignoraancme";"1260918697570402305";"in";"<a href='http://twitter.com/download/iphone' rel='nofollow'>Twitter for iPhone</a>";"@ignoraancme @amelicanoooo_ @moviemenfes Batak dan Sunda masih sama2 ras Asia (mongoloid), rumpun Austronesia, jadi kemiripannya masih tinggi. Kalau kayak The Little Mermaid kemarin mah udah jelas beda jauh, makanya mengundang kontroversi juga (terlepas agenda Amerika dengan Black Lives Matter-nya).";;;0;"1670303110932348928"
2023-06-18 11:35:21;"Nao";"2321745000";;"-1";"in";"<a href='http://twitter.com/download/android' rel='nofollow'>Twitter for Android</a>";"RT @qamadhieta: Bandung only. Ada yang mau nonton The Little Mermaid di PVJ jam 11.00 hari ini? Bayar 30k aja (OVO/Gopay/BCA). Gue batal no…";;;8;"1670289069098819584"
2023-06-18 11:28:46;"Jewel | Jastip promo CGV?";"1264746943764246528";;"-1";"in";"<a href='http://twitter.com/download/iphone' rel='nofollow'>Twitter for iPhone</a>";"Open jastip promo bioskop cgv film the flash, elemental, transformers, spiderman, the little mermaid, dan film lainnya??

Snk bisa cek difoto, testimoni bisa cek tweet yang aku pin ya?

Yuk yang mau order atau tanya2 bisa dm atau chat wa ini https://t.co/7WmsIEu8mM

#zonauang https://t.co/YJEBVWaIpy";;;0;"1670287412948520960"
2023-06-18 09:57:33;"A03H";"1518143324808704000";;"-1";"in";"<a href='http://twitter.com/download/android' rel='nofollow'>Twitter for Android</a>";"https://t.co/sH1ANFGSrJ

Cinderella, Beauty and the Beast, The Little Mermaid, Bambi, adalah beberapa kisah populer yang nasibnya malang, plus tak punya ibu.";;;0;"1670264458357379074"
2023-06-18 09:55:14;"Jusrecht";"1041272826";;"-1";"in";"<a href='http://twitter.com/download/android' rel='nofollow'>Twitter for Android</a>";"RT @qamadhieta: Bandung only. Ada yang mau nonton The Little Mermaid di PVJ jam 11.00 hari ini? Bayar 30k aja (OVO/Gopay/BCA). Gue batal no…";;;8;"1670263874678042630"
2023-06-18 08:43:46;"Riz";"2795194879";;"-1";"in";"<a href='http://twitter.com/download/iphone' rel='nofollow'>Twitter for iPhone</a>";"RT @qamadhieta: Bandung only. Ada yang mau nonton The Little Mermaid di PVJ jam 11.00 hari ini? Bayar 30k aja (OVO/Gopay/BCA). Gue batal no…";;;8;"1670245888349057024"
2023-06-18 08:18:28;"Woo Hyun Jin";"1515869077738205186";;"-1";"in";"<a href='http://twitter.com/download/iphone' rel='nofollow'>Twitter for iPhone</a>";"RT @kmbeom_: For the first time i see you.
Pengen deket sama my little mermaid?????
Jadi leerang memutuskan untuk menembakmu (?) https://t.…";;;1;"1670239523647918081"
2023-06-18 08:18:01;"?";"1440833940143566850";"seugzyoun";"2506542870";"in";"<a href='http://twitter.com/download/android' rel='nofollow'>Twitter for Android</a>";"@seugzyoun itu ikan di the little mermaid ? https://t.co/EGqVA20g9Y";;;0;"1670239410254934017"
2023-06-18 08:16:34;"kimbum?";"1273534619346845702";"kmbeom_";"1273534619346845702";"in";"<a href='http://twitter.com/download/android' rel='nofollow'>Twitter for Android</a>";"For the first time i see you.
Pengen deket sama my little mermaid?????
Jadi leerang memutuskan untuk menembakmu (?) https://t.co/Oi40DpoH1r";;;1;"1670239044490661888"
2023-06-18 07:47:31;"Devonmahestr";"1377952448258613254";;"-1";"in";"<a href='https://mobile.twitter.com' rel='nofollow'>Twitter Web App</a>";"RT @andihiyat: Kemarin baru sempet nonton The Little Mermaid, emang karna baru ada waktu aja

Dari banyaknya perdebatan di sosmed menurut g…";;;112;"1670231734116569089"
2023-06-18 07:43:09;"The Marvelous Mr. Mahel.";"29552875";;"-1";"in";"<a href='http://twitter.com/download/android' rel='nofollow'>Twitter for Android</a>";"RT @qamadhieta: Bandung only. Ada yang mau nonton The Little Mermaid di PVJ jam 11.00 hari ini? Bayar 30k aja (OVO/Gopay/BCA). Gue batal no…";;;8;"1670230636026822656"
2023-06-18 07:29:26;"Raven";"192516497";;"-1";"in";"<a href='http://twitter.com/download/android' rel='nofollow'>Twitter for Android</a>";"RT @qamadhieta: Bandung only. Ada yang mau nonton The Little Mermaid di PVJ jam 11.00 hari ini? Bayar 30k aja (OVO/Gopay/BCA). Gue batal no…";;;8;"1670227184257241089"
2023-06-18 06:56:04;"Faira";"82704833";;"-1";"in";"<a href='https://mobile.twitter.com' rel='nofollow'>Twitter Web App</a>";"RT @qamadhieta: Bandung only. Ada yang mau nonton The Little Mermaid di PVJ jam 11.00 hari ini? Bayar 30k aja (OVO/Gopay/BCA). Gue batal no…";;;8;"1670218785398341632"
2023-06-18 06:38:14;"InitialD| Dhieta | ??? |?";"86692705";;"-1";"in";"<a href='http://twitter.com/download/android' rel='nofollow'>Twitter for Android</a>";"Bandung only. Ada yang mau nonton The Little Mermaid di PVJ jam 11.00 hari ini? Bayar 30k aja (OVO/Gopay/BCA). Gue batal nonton karena gak enak badan. Tolong bantu RT yaa. https://t.co/zEY4DOGa02";;;8;"1670214297547603968"
2023-06-18 03:20:10;"myumyu";"1223191919464894464";;"-1";"in";"<a href='https://mobile.twitter.com' rel='nofollow'>Twitter Web App</a>";"nungguin TUDUM netflix ampe >5x repeat playlist the little mermaid dan gw belom ngantuk juga LIKE..???";;;0;"1670164454552772609"
2023-06-17 23:38:18;"jumharis";"1670108268377821187";;"-1";"in";"<a href='https://mobile.twitter.com' rel='nofollow'>Twitter Web App</a>";"RT @andihiyat: Jadi kalo kata gua buat yang belom sempet nonton The little Mermaid, mending disegerakan mumpung masih ada di bioskop

Kemar…";;;28;"1670108618220519428"
2023-06-17 23:30:32;"namakuintan";"1210213024293769217";;"-1";"in";"<a href='http://twitter.com/download/iphone' rel='nofollow'>Twitter for iPhone</a>";"RT @andihiyat: Jadi kalo kata gua buat yang belom sempet nonton The little Mermaid, mending disegerakan mumpung masih ada di bioskop

Kemar…";;;28;"1670106662726955008"
2023-06-17 23:30:11;"ayy, fb oi";"1593367945706885121";;"-1";"in";"<a href='http://twitter.com/download/iphone' rel='nofollow'>Twitter for iPhone</a>";"RT @andihiyat: Jadi kalo kata gua buat yang belom sempet nonton The little Mermaid, mending disegerakan mumpung masih ada di bioskop

Kemar…";;;28;"1670106578165563393"
2023-06-17 23:29:48;"Ae- follbek y!";"2486892962";;"-1";"in";"<a href='http://twitter.com/download/iphone' rel='nofollow'>Twitter for iPhone</a>";"RT @andihiyat: Jadi kalo kata gua buat yang belom sempet nonton The little Mermaid, mending disegerakan mumpung masih ada di bioskop

Kemar…";;;28;"1670106479431684096"
2023-06-17 23:23:52;"Arsya Sutria Pratama";"1186127142259544064";;"-1";"in";"<a href='http://twitter.com/download/android' rel='nofollow'>Twitter for Android</a>";"terakhir mewek gara gara nonton the little mermaid live actionnya bulan lalu https://t.co/Amc7z9Fc1m";;;0;"1670104986464960512"
2023-06-17 23:03:05;"Ikairan";"1377967986397433862";;"-1";"in";"<a href='http://twitter.com/download/android' rel='nofollow'>Twitter for Android</a>";"RT @andihiyat: Kemarin baru sempet nonton The Little Mermaid, emang karna baru ada waktu aja

Dari banyaknya perdebatan di sosmed menurut g…";;;112;"1670099754322382848"
2023-06-17 23:01:45;"fatima";"1670098819416219649";;"-1";"in";"<a href='https://mobile.twitter.com' rel='nofollow'>Twitter Web App</a>";"RT @andihiyat: Kemarin baru sempet nonton The Little Mermaid, emang karna baru ada waktu aja

Dari banyaknya perdebatan di sosmed menurut g…";;;112;"1670099421080748032"
2023-06-17 22:53:33;"???? ??? ??????";"3240780110";;"-1";"in";"<a href='http://twitter.com/download/iphone' rel='nofollow'>Twitter for iPhone</a>";"Oh btw, boleh ke nak buat rambut macam the little mermaid tu? Sebab cantik sangat…";;;0;"1670097356552015872"
2023-06-17 22:52:25;"Rindu?";"832665476979253249";;"-1";"in";"<a href='http://twitter.com/download/android' rel='nofollow'>Twitter for Android</a>";"RT @andihiyat: Jadi kalo kata gua buat yang belom sempet nonton The little Mermaid, mending disegerakan mumpung masih ada di bioskop

Kemar…";;;28;"1670097073050648576"
2023-06-17 22:52:25;"Zelda Tigulung";"1659219038113857537";;"-1";"in";"<a href='https://mobile.twitter.com' rel='nofollow'>Twitter Web App</a>";"RT @andihiyat: Jadi kalo kata gua buat yang belom sempet nonton The little Mermaid, mending disegerakan mumpung masih ada di bioskop

Kemar…";;;28;"1670097072106926080"
2023-06-17 22:51:52;"Zaskiyahiya";"917712666767929344";;"-1";"in";"<a href='http://twitter.com/download/android' rel='nofollow'>Twitter for Android</a>";"RT @andihiyat: Jadi kalo kata gua buat yang belom sempet nonton The little Mermaid, mending disegerakan mumpung masih ada di bioskop

Kemar…";;;28;"1670096935032848384"
2023-06-17 22:51:44;"Heselandi";"1377965416761323521";;"-1";"in";"<a href='http://twitter.com/download/android' rel='nofollow'>Twitter for Android</a>";"RT @andihiyat: Kemarin baru sempet nonton The Little Mermaid, emang karna baru ada waktu aja

Dari banyaknya perdebatan di sosmed menurut g…";;;112;"1670096898747953152"
2023-06-17 22:51:13;"Gasarandra";"1377963319781257219";;"-1";"in";"<a href='http://twitter.com/download/android' rel='nofollow'>Twitter for Android</a>";"RT @andihiyat: Kemarin baru sempet nonton The Little Mermaid, emang karna baru ada waktu aja

Dari banyaknya perdebatan di sosmed menurut g…";;;112;"1670096768976191488"
2023-06-17 22:51:02;"Sarah Draw";"828975387132649472";;"-1";"in";"<a href='http://twitter.com/download/android' rel='nofollow'>Twitter for Android</a>";"RT @andihiyat: Jadi kalo kata gua buat yang belom sempet nonton The little Mermaid, mending disegerakan mumpung masih ada di bioskop

Kemar…";;;28;"1670096724130697216"
2023-06-17 22:50:37;"Farhanrest";"1377959769227489280";;"-1";"in";"<a href='http://twitter.com/download/android' rel='nofollow'>Twitter for Android</a>";"RT @andihiyat: Kemarin baru sempet nonton The Little Mermaid, emang karna baru ada waktu aja

Dari banyaknya perdebatan di sosmed menurut g…";;;112;"1670096617838641152"
2023-06-17 22:50:17;"Dini?";"834075975616851968";;"-1";"in";"<a href='http://twitter.com/download/android' rel='nofollow'>Twitter for Android</a>";"RT @andihiyat: Jadi kalo kata gua buat yang belom sempet nonton The little Mermaid, mending disegerakan mumpung masih ada di bioskop

Kemar…";;;28;"1670096534560714753"
2023-06-17 22:49:53;"Endartika";"1377956162407067651";;"-1";"in";"<a href='http://twitter.com/download/android' rel='nofollow'>Twitter for Android</a>";"RT @andihiyat: Kemarin baru sempet nonton The Little Mermaid, emang karna baru ada waktu aja

Dari banyaknya perdebatan di sosmed menurut g…";;;112;"1670096432819499010"
2023-06-17 22:48:45;".?";"380799373";;"-1";"in";"<a href='http://twitter.com/download/android' rel='nofollow'>Twitter for Android</a>";"RT @andihiyat: Kemarin baru sempet nonton The Little Mermaid, emang karna baru ada waktu aja

Dari banyaknya perdebatan di sosmed menurut g…";;;112;"1670096150349885443"
2023-06-17 22:46:46;"Up ????";"1353534356527091714";;"-1";"in";"<a href='http://twitter.com/download/android' rel='nofollow'>Twitter for Android</a>";"RT @andihiyat: Kemarin baru sempet nonton The Little Mermaid, emang karna baru ada waktu aja

Dari banyaknya perdebatan di sosmed menurut g…";;;112;"1670095651986866176"
2023-06-17 22:46:44;"JehiRo";"1216236970910703617";"andihiyat";"886934161";"in";"<a href='https://mobile.twitter.com' rel='nofollow'>Twitter Web App</a>";"@andihiyat Setuju banget klo ini film The Little Mermaid cocok juga ditonton bareng keluarga, pas waktu libur bisa nonton bareng deh";;;0;"1670095642868469760"
2023-06-17 22:46:09;"pluvail";"481862653";;"-1";"in";"<a href='http://twitter.com/download/android' rel='nofollow'>Twitter for Android</a>";"RT @andihiyat: Kemarin baru sempet nonton The Little Mermaid, emang karna baru ada waktu aja

Dari banyaknya perdebatan di sosmed menurut g…";;;112;"1670095495723913217"
2023-06-17 22:46:02;"unaisahairuddin";"131737002";;"-1";"in";"<a href='http://twitter.com/download/android' rel='nofollow'>Twitter for Android</a>";"Tak terasa nak tengok the little mermaid. Bukan sebab racist ke apa, tapi kita dah dibesarkan yang ariel tu kulit putih rambut merah, so kita expect macam tu la kalau yang real punya.";;;0;"1670095465084489730"
2023-06-17 22:45:23;"Yogs Wezz";"1426967714";;"-1";"in";"<a href='http://twitter.com/download/android' rel='nofollow'>Twitter for Android</a>";"RT @andihiyat: Jadi kalo kata gua buat yang belom sempet nonton The little Mermaid, mending disegerakan mumpung masih ada di bioskop

Kemar…";;;28;"1670095303255670785"
2023-06-17 22:45:09;"aurora";"1251984867048304640";;"-1";"in";"<a href='http://twitter.com/download/android' rel='nofollow'>Twitter for Android</a>";"RT @andihiyat: Kemarin baru sempet nonton The Little Mermaid, emang karna baru ada waktu aja

Dari banyaknya perdebatan di sosmed menurut g…";;;112;"1670095242375331841"
2023-06-17 22:44:33;"Opini Moodbooster?";"1099642730634854401";;"-1";"in";"<a href='http://twitter.com/download/android' rel='nofollow'>Twitter for Android</a>";"RT @andihiyat: Jadi kalo kata gua buat yang belom sempet nonton The little Mermaid, mending disegerakan mumpung masih ada di bioskop

Kemar…";;;28;"1670095091283927040"
2023-06-17 22:43:42;"Topa Alvin";"1118070502042390529";;"-1";"in";"<a href='http://twitter.com/download/android' rel='nofollow'>Twitter for Android</a>";"RT @andihiyat: Jadi kalo kata gua buat yang belom sempet nonton The little Mermaid, mending disegerakan mumpung masih ada di bioskop

Kemar…";;;28;"1670094878007762944"
2023-06-17 22:43:37;"Mochi";"1213484629333667840";;"-1";"in";"<a href='http://twitter.com/download/android' rel='nofollow'>Twitter for Android</a>";"RT @andihiyat: Kemarin baru sempet nonton The Little Mermaid, emang karna baru ada waktu aja

Dari banyaknya perdebatan di sosmed menurut g…";;;112;"1670094857690562563"
2023-06-17 22:42:57;"Ginda";"1242472589143855105";;"-1";"in";"<a href='http://twitter.com/download/android' rel='nofollow'>Twitter for Android</a>";"RT @andihiyat: Jadi kalo kata gua buat yang belom sempet nonton The little Mermaid, mending disegerakan mumpung masih ada di bioskop

Kemar…";;;28;"1670094688286838785"
2023-06-17 22:42:35;"Merdy";"2508127670";"andihiyat";"886934161";"in";"<a href='http://twitter.com/download/android' rel='nofollow'>Twitter for Android</a>";"@andihiyat Waktu libur siap otw nonton bareng ayang, film The Little Mermaid jgn dilewatin";;;0;"1670094597824053249"
2023-06-17 22:42:29;"?";"993045584";;"-1";"in";"<a href='http://twitter.com/download/android' rel='nofollow'>Twitter for Android</a>";"The little mermaid ngga seburuk review orang-orang kok ?";;;0;"1670094570347003906"
2023-06-17 22:40:25;"Wulandari Bidadari";"1239290466857705472";;"-1";"in";"<a href='http://twitter.com/download/android' rel='nofollow'>Twitter for Android</a>";"RT @andihiyat: Jadi kalo kata gua buat yang belom sempet nonton The little Mermaid, mending disegerakan mumpung masih ada di bioskop

Kemar…";;;28;"1670094051717312519"
2023-06-17 22:40:12;"Kean";"867819662163062785";;"-1";"in";"<a href='http://twitter.com/download/android' rel='nofollow'>Twitter for Android</a>";"RT @andihiyat: Jadi kalo kata gua buat yang belom sempet nonton The little Mermaid, mending disegerakan mumpung masih ada di bioskop

Kemar…";;;28;"1670093995672993793"
2023-06-17 22:39:24;"Kean";"867819662163062785";;"-1";"in";"<a href='http://twitter.com/download/android' rel='nofollow'>Twitter for Android</a>";"RT @andihiyat: Kemarin baru sempet nonton The Little Mermaid, emang karna baru ada waktu aja

Dari banyaknya perdebatan di sosmed menurut g…";;;112;"1670093796938489858"
2023-06-17 22:39:19;"D-LION";"1229317151934140416";;"-1";"in";"<a href='http://twitter.com/download/android' rel='nofollow'>Twitter for Android</a>";"RT @andihiyat: Jadi kalo kata gua buat yang belom sempet nonton The little Mermaid, mending disegerakan mumpung masih ada di bioskop

Kemar…";;;28;"1670093775270723587"
2023-06-17 22:38:36;"taevas.";"2489904794";;"-1";"in";"<a href='http://twitter.com/download/android' rel='nofollow'>Twitter for Android</a>";"RT @andihiyat: Jadi kalo kata gua buat yang belom sempet nonton The little Mermaid, mending disegerakan mumpung masih ada di bioskop

Kemar…";;;28;"1670093594039029760"
2023-06-17 22:37:56;"taevas.";"2489904794";;"-1";"in";"<a href='http://twitter.com/download/android' rel='nofollow'>Twitter for Android</a>";"RT @andihiyat: Kemarin baru sempet nonton The Little Mermaid, emang karna baru ada waktu aja

Dari banyaknya perdebatan di sosmed menurut g…";;;112;"1670093427198029825"
2023-06-17 22:37:12;"LIBUR YAA?";"1236857637418848257";;"-1";"in";"<a href='http://twitter.com/download/android' rel='nofollow'>Twitter for Android</a>";"RT @andihiyat: Jadi kalo kata gua buat yang belom sempet nonton The little Mermaid, mending disegerakan mumpung masih ada di bioskop

Kemar…";;;28;"1670093244187947009"
2023-06-17 22:36:24;"LIBUR YAA?";"1236857637418848257";;"-1";"in";"<a href='http://twitter.com/download/android' rel='nofollow'>Twitter for Android</a>";"RT @andihiyat: Kemarin baru sempet nonton The Little Mermaid, emang karna baru ada waktu aja

Dari banyaknya perdebatan di sosmed menurut g…";;;112;"1670093042102202369"
2023-06-17 22:35:30;"Harry.";"926898380982202368";;"-1";"in";"<a href='http://twitter.com/download/android' rel='nofollow'>Twitter for Android</a>";"RT @andihiyat: Jadi kalo kata gua buat yang belom sempet nonton The little Mermaid, mending disegerakan mumpung masih ada di bioskop

Kemar…";;;28;"1670092813177081858"
2023-06-17 22:34:15;"Fahzz";"1446150883515895811";;"-1";"in";"<a href='http://twitter.com/download/android' rel='nofollow'>Twitter for Android</a>";"RT @andihiyat: Jadi kalo kata gua buat yang belom sempet nonton The little Mermaid, mending disegerakan mumpung masih ada di bioskop

Kemar…";;;28;"1670092499413782530"
2023-06-17 22:34:10;"Jen";"1445529769190191107";;"-1";"in";"<a href='http://twitter.com/download/android' rel='nofollow'>Twitter for Android</a>";"RT @andihiyat: Jadi kalo kata gua buat yang belom sempet nonton The little Mermaid, mending disegerakan mumpung masih ada di bioskop

Kemar…";;;28;"1670092480057073664"
2023-06-17 22:34:06;"???oy";"1274496174133665792";;"-1";"in";"<a href='http://twitter.com/download/android' rel='nofollow'>Twitter for Android</a>";"RT @andihiyat: Jadi kalo kata gua buat yang belom sempet nonton The little Mermaid, mending disegerakan mumpung masih ada di bioskop

Kemar…";;;28;"1670092461610500096"
2023-06-17 22:30:51;"Hey Vinoo";"1568600298985504772";;"-1";"in";"<a href='http://twitter.com/download/android' rel='nofollow'>Twitter for Android</a>";"RT @andihiyat: Kemarin baru sempet nonton The Little Mermaid, emang karna baru ada waktu aja

Dari banyaknya perdebatan di sosmed menurut g…";;;112;"1670091644509761537"
2023-06-17 22:29:46;"Reza Rian";"904032663991975940";;"-1";"in";"<a href='http://twitter.com/download/android' rel='nofollow'>Twitter for Android</a>";"RT @andihiyat: Kemarin baru sempet nonton The Little Mermaid, emang karna baru ada waktu aja

Dari banyaknya perdebatan di sosmed menurut g…";;;112;"1670091370231656449"
2023-06-17 22:28:37;"Alvian";"810834302753800194";;"-1";"in";"<a href='http://twitter.com/download/android' rel='nofollow'>Twitter for Android</a>";"RT @andihiyat: Kemarin baru sempet nonton The Little Mermaid, emang karna baru ada waktu aja

Dari banyaknya perdebatan di sosmed menurut g…";;;112;"1670091082389139456"
2023-06-17 22:28:22;"JehiRo";"1216236970910703617";;"-1";"in";"<a href='https://mobile.twitter.com' rel='nofollow'>Twitter Web App</a>";"RT @andihiyat: Jadi kalo kata gua buat yang belom sempet nonton The little Mermaid, mending disegerakan mumpung masih ada di bioskop

Kemar…";;;28;"1670091019902410753"
2023-06-17 22:27:56;"Nipta";"1300486648354930688";;"-1";"in";"<a href='http://twitter.com/download/android' rel='nofollow'>Twitter for Android</a>";"RT @andihiyat: Jadi kalo kata gua buat yang belom sempet nonton The little Mermaid, mending disegerakan mumpung masih ada di bioskop

Kemar…";;;28;"1670090909235687424"
2023-06-17 22:27:38;"Krish";"1147415036895227904";;"-1";"in";"<a href='http://twitter.com/download/android' rel='nofollow'>Twitter for Android</a>";"RT @andihiyat: Jadi kalo kata gua buat yang belom sempet nonton The little Mermaid, mending disegerakan mumpung masih ada di bioskop

Kemar…";;;28;"1670090833813708800"
2023-06-17 22:27:10;"Alam";"1214883751613743105";;"-1";"in";"<a href='http://twitter.com/download/android' rel='nofollow'>Twitter for Android</a>";"RT @andihiyat: Jadi kalo kata gua buat yang belom sempet nonton The little Mermaid, mending disegerakan mumpung masih ada di bioskop

Kemar…";;;28;"1670090717035905026"
2023-06-17 22:26:41;"Merdy";"2508127670";;"-1";"in";"<a href='http://twitter.com/download/android' rel='nofollow'>Twitter for Android</a>";"RT @andihiyat: Jadi kalo kata gua buat yang belom sempet nonton The little Mermaid, mending disegerakan mumpung masih ada di bioskop

Kemar…";;;28;"1670090597246582784"
2023-06-17 22:23:36;"Harry.";"926898380982202368";;"-1";"in";"<a href='http://twitter.com/download/android' rel='nofollow'>Twitter for Android</a>";"RT @andihiyat: Kemarin baru sempet nonton The Little Mermaid, emang karna baru ada waktu aja

Dari banyaknya perdebatan di sosmed menurut g…";;;112;"1670089819199000582"
2023-06-17 22:22:03;"Sutrilam Saitama";"770249894573465600";;"-1";"in";"<a href='http://twitter.com/download/android' rel='nofollow'>Twitter for Android</a>";"RT @andihiyat: Kemarin baru sempet nonton The Little Mermaid, emang karna baru ada waktu aja

Dari banyaknya perdebatan di sosmed menurut g…";;;112;"1670089431771127809"
2023-06-17 22:21:50;"Knowledge";"1391583685913169921";;"-1";"in";"<a href='http://twitter.com/download/android' rel='nofollow'>Twitter for Android</a>";"RT @andihiyat: Kemarin baru sempet nonton The Little Mermaid, emang karna baru ada waktu aja

Dari banyaknya perdebatan di sosmed menurut g…";;;112;"1670089373591928840"
2023-06-17 22:20:49;"salmon";"1160192276179513349";;"-1";"in";"<a href='http://twitter.com/download/android' rel='nofollow'>Twitter for Android</a>";"RT @andihiyat: Kemarin baru sempet nonton The Little Mermaid, emang karna baru ada waktu aja

Dari banyaknya perdebatan di sosmed menurut g…";;;112;"1670089118066540544"
2023-06-17 22:19:52;"Tegar";"1256887142556393472";;"-1";"in";"<a href='http://twitter.com/download/android' rel='nofollow'>Twitter for Android</a>";"RT @andihiyat: Kemarin baru sempet nonton The Little Mermaid, emang karna baru ada waktu aja

Dari banyaknya perdebatan di sosmed menurut g…";;;112;"1670088878806675456"
2023-06-17 22:18:44;"Melissa";"869875331498295296";;"-1";"in";"<a href='http://twitter.com/download/android' rel='nofollow'>Twitter for Android</a>";"RT @andihiyat: Kemarin baru sempet nonton The Little Mermaid, emang karna baru ada waktu aja

Dari banyaknya perdebatan di sosmed menurut g…";;;112;"1670088595296886785"
2023-06-17 22:18:35;".";"750256195026292736";;"-1";"in";"<a href='http://twitter.com/download/android' rel='nofollow'>Twitter for Android</a>";"Yg bikin gue kecewa dari The Little Mermaid cuma karena Harry gak jadi Prince Eric ?";;;0;"1670088558345089024"
2023-06-17 22:17:51;"Natarina";"870700924687138818";;"-1";"in";"<a href='http://twitter.com/download/android' rel='nofollow'>Twitter for Android</a>";"RT @andihiyat: Kemarin baru sempet nonton The Little Mermaid, emang karna baru ada waktu aja

Dari banyaknya perdebatan di sosmed menurut g…";;;112;"1670088372310937600"
2023-06-17 22:16:48;"Shyam";"1405127229483347970";;"-1";"in";"<a href='http://twitter.com/download/android' rel='nofollow'>Twitter for Android</a>";"RT @andihiyat: Kemarin baru sempet nonton The Little Mermaid, emang karna baru ada waktu aja

Dari banyaknya perdebatan di sosmed menurut g…";;;112;"1670088109864931330"
2023-06-17 22:16:02;"RUANG";"1325068002979504133";;"-1";"in";"<a href='http://twitter.com/download/android' rel='nofollow'>Twitter for Android</a>";"RT @andihiyat: Kemarin baru sempet nonton The Little Mermaid, emang karna baru ada waktu aja

Dari banyaknya perdebatan di sosmed menurut g…";;;112;"1670087917585432582"
2023-06-17 22:15:55;"Teh Wulan ?";"872102666285051905";;"-1";"in";"<a href='http://twitter.com/download/android' rel='nofollow'>Twitter for Android</a>";"RT @andihiyat: Kemarin baru sempet nonton The Little Mermaid, emang karna baru ada waktu aja

Dari banyaknya perdebatan di sosmed menurut g…";;;112;"1670087884635000834"
2023-06-17 22:15:10;"Cindy ?";"870428142099243011";;"-1";"in";"<a href='http://twitter.com/download/android' rel='nofollow'>Twitter for Android</a>";"RT @andihiyat: Kemarin baru sempet nonton The Little Mermaid, emang karna baru ada waktu aja

Dari banyaknya perdebatan di sosmed menurut g…";;;112;"1670087695866171394"
2023-06-17 22:14:32;"nana ?";"870531798417068032";;"-1";"in";"<a href='http://twitter.com/download/android' rel='nofollow'>Twitter for Android</a>";"RT @andihiyat: Kemarin baru sempet nonton The Little Mermaid, emang karna baru ada waktu aja

Dari banyaknya perdebatan di sosmed menurut g…";;;112;"1670087540228116480"
2023-06-17 22:12:23;"Metiyem";"1496528420674871296";;"-1";"in";"<a href='http://twitter.com/download/android' rel='nofollow'>Twitter for Android</a>";"RT @andihiyat: Kemarin baru sempet nonton The Little Mermaid, emang karna baru ada waktu aja

Dari banyaknya perdebatan di sosmed menurut g…";;;112;"1670086995719376899"
2023-06-17 22:11:50;"CINTA";"1502530343173505024";;"-1";"in";"<a href='http://twitter.com/download/android' rel='nofollow'>Twitter for Android</a>";"RT @andihiyat: Kemarin baru sempet nonton The Little Mermaid, emang karna baru ada waktu aja

Dari banyaknya perdebatan di sosmed menurut g…";;;112;"1670086859157012480"
2023-06-17 22:11:37;"NADIA";"899702815";;"-1";"in";"<a href='http://twitter.com/download/android' rel='nofollow'>Twitter for Android</a>";"RT @andihiyat: Kemarin baru sempet nonton The Little Mermaid, emang karna baru ada waktu aja

Dari banyaknya perdebatan di sosmed menurut g…";;;112;"1670086805453172736"
2023-06-17 22:11:33;"Dapp Dapp";"1523296727843090432";;"-1";"in";"<a href='http://twitter.com/download/android' rel='nofollow'>Twitter for Android</a>";"RT @andihiyat: Kemarin baru sempet nonton The Little Mermaid, emang karna baru ada waktu aja

Dari banyaknya perdebatan di sosmed menurut g…";;;112;"1670086789179260928"
2023-06-17 22:11:26;"FARAH";"1506957628693708804";;"-1";"in";"<a href='http://twitter.com/download/android' rel='nofollow'>Twitter for Android</a>";"RT @andihiyat: Kemarin baru sempet nonton The Little Mermaid, emang karna baru ada waktu aja

Dari banyaknya perdebatan di sosmed menurut g…";;;112;"1670086760095977473"
2023-06-17 22:10:57;"Panggil aja Kila";"1544605958764363776";;"-1";"in";"<a href='http://twitter.com/download/android' rel='nofollow'>Twitter for Android</a>";"RT @andihiyat: Kemarin baru sempet nonton The Little Mermaid, emang karna baru ada waktu aja

Dari banyaknya perdebatan di sosmed menurut g…";;;112;"1670086637244809218"
2023-06-11 18:27:25;"Doris Wu";"1496647738016305152";;"-1";"in";"<a href='http://twitter.com/download/iphone' rel='nofollow'>Twitter for iPhone</a>";"RT @SinemaTengahMlm: Kisah asli yang dark dari The Little Mermaid. Kisah asli yang dimaksud lebih ke original sebelum dipercantik oleh Disn…";;;77;"1667856055542616064"
2023-06-11 18:14:14;"zalia";"542651469";;"-1";"in";"<a href='http://twitter.com/download/iphone' rel='nofollow'>Twitter for iPhone</a>";"kenapa semua tak nak tengok the little mermaid ??";;;0;"1667852737604907010"
2023-06-11 17:58:56;"??";"105127564";;"-1";"in";"<a href='http://twitter.com/download/iphone' rel='nofollow'>Twitter for iPhone</a>";"the little mermaid bagusssssss kokkkkkkkk ga kaya yg org2 bilang??";;;0;"1667848886147514370"
2023-06-11 17:46:18;"zi";"1653553419477475329";;"-1";"in";"<a href='http://twitter.com/download/android' rel='nofollow'>Twitter for Android</a>";"gajelas banget nangis karena nonton the little mermaid";;;0;"1667845708395991040"
2023-06-11 17:45:00;"Mas Di";"108001543";;"-1";"in";"<a href='http://twitter.com/download/android' rel='nofollow'>Twitter for Android</a>";"RT @SinemaTengahMlm: Kisah asli yang dark dari The Little Mermaid. Kisah asli yang dimaksud lebih ke original sebelum dipercantik oleh Disn…";;;77;"1667845379076022272"
2023-06-11 17:36:57;"?? chi ? yonk";"1435159859880595463";;"-1";"in";"<a href='http://twitter.com/download/android' rel='nofollow'>Twitter for Android</a>";"Alis nya menukik ?
Kek yg penyihir di fim the little mermaid https://t.co/aAeTS0a5Am";;;0;"1667843356138033152"
2023-06-11 17:04:50;"?";"1427974765680099333";;"-1";"in";"<a href='http://twitter.com/download/android' rel='nofollow'>Twitter for Android</a>";"ternyata the little mermaid live action sebagus itu tp gw sedih part terakhir";;;0;"1667835271394762755"
2023-06-11 16:57:40;"Farizi";"121716873";;"-1";"in";"<a href='http://twitter.com/download/iphone' rel='nofollow'>Twitter for iPhone</a>";"RT @SinemaTengahMlm: Kisah asli yang dark dari The Little Mermaid. Kisah asli yang dimaksud lebih ke original sebelum dipercantik oleh Disn…";;;77;"1667833470922686464"
2023-06-11 16:35:33;"Si paling ambis fk";"1555420207954345985";;"-1";"in";"<a href='https://mobile.twitter.com' rel='nofollow'>Twitter Web App</a>";"RT @lintasjurusan: [10/06/'23]

hari ini tambahan tpa utul ugm & nonton the little mermaid :D ??????? https://t.co/QI6BfZuy2h";;;1;"1667827901545447424"
2023-06-11 16:27:14;"Cowok Cantik";"1381951096478781447";;"-1";"in";"<a href='http://twitter.com/download/iphone' rel='nofollow'>Twitter for iPhone</a>";"Gue belom kesampean nonton The Little Mermaid live action anjir, kapan dia berakhir di bioskop nya?";;;0;"1667825808289968128"
2023-06-11 16:19:15;"? ?";"1201187311720906752";"SyauqZ";"1396650635727044611";"in";"<a href='http://twitter.com/download/iphone' rel='nofollow'>Twitter for iPhone</a>";"@SyauqZ Dengar cerita Kenit buat muka time tengok The Little Mermaid ?";;;0;"1667823799931400192"
2023-06-11 16:16:39;"Riskurrr";"1082551144230969344";;"-1";"in";"<a href='http://twitter.com/download/iphone' rel='nofollow'>Twitter for iPhone</a>";"RT @Masskurr_podcst: Gimana nih udah pada nonton film: The Little Mermaid belom nihh ??? Yukk langsung dengerin episode kali ini guyss tent…";;;1;"1667823148841181187"
2023-06-11 16:03:28;".";"375434537";;"-1";"in";"<a href='http://twitter.com/download/iphone' rel='nofollow'>Twitter for iPhone</a>";"RT @SinemaTengahMlm: Kisah asli yang dark dari The Little Mermaid. Kisah asli yang dimaksud lebih ke original sebelum dipercantik oleh Disn…";;;77;"1667819828219117568"
2023-06-11 15:55:45;"itukahcinta";"1342518301";;"-1";"in";"<a href='https://dlvrit.com/' rel='nofollow'>dlvr.it</a>";"Sinopsis Film The Little Mermaid: Kisah Duyung bak Bertemu Cinta Pertama yang Getarkan Hati - https://t.co/pVhGRyYcME https://t.co/aTiEiHLeAg";;;0;"1667817886751260676"
2023-06-11 15:45:36;"it'shulkingtime";"1529397288208314368";;"-1";"in";"<a href='http://twitter.com/download/android' rel='nofollow'>Twitter for Android</a>";"RT @SinemaTengahMlm: Kisah asli yang dark dari The Little Mermaid. Kisah asli yang dimaksud lebih ke original sebelum dipercantik oleh Disn…";;;77;"1667815333019922432"
2023-06-11 15:40:35;"mentaìko";"1544012385824161792";"jogmfs";"420821783";"in";"<a href='http://twitter.com/download/android' rel='nofollow'>Twitter for Android</a>";"@jogmfs pingin nnton the little mermaid tp weekend mahal, ga cocok buat kaum mendang mending";;;0;"1667814069724930050"
2023-06-11 15:35:41;"PennyPincher70";"1394785139926790144";;"-1";"in";"<a href='http://twitter.com/download/android' rel='nofollow'>Twitter for Android</a>";"RT @SinemaTengahMlm: Kisah asli yang dark dari The Little Mermaid. Kisah asli yang dimaksud lebih ke original sebelum dipercantik oleh Disn…";;;77;"1667812835496452107"
2023-06-11 15:20:33;"Einwohner, Keira.";"970364021051281408";"daniellects";"970364021051281408";"in";"<a href='http://twitter.com/download/android' rel='nofollow'>Twitter for Android</a>";"?
Cita-cita mereka berubah mungkin karena pertumbuhan dan semakin sadar ada yang lebih mereka inginkan. Berbeda dengan Keira, Keira tetap ingin menjadi Princess. Cita-citanya itu dapat terwujud dengan mengikuti audisi menjadi Voice Actor untuk Ariel di The Little Mermaid.
? https://t.co/f2toJPwHEC";;;0;"1667809026648985602"
2023-06-11 14:47:35;"naa?";"1416278818541641734";;"-1";"in";"<a href='http://twitter.com/download/android' rel='nofollow'>Twitter for Android</a>";"hari ini harusnya nonton the little mermaid smbil poca date mlh ga jadi /kecewaberad https://t.co/IqNkyfobbP";;;0;"1667800733071343617"
2023-06-11 14:29:08;"Zal ?";"884068027641155584";"wangivanilla";"884068027641155584";"in";"<a href='http://twitter.com/download/iphone' rel='nofollow'>Twitter for iPhone</a>";"66. THE LITTLE MERMAID
Mau nangisss https://t.co/rKg6G9iZFW";;;0;"1667796091272855560"
2023-06-11 14:27:43;"Zal ?";"884068027641155584";;"-1";"in";"<a href='http://twitter.com/download/iphone' rel='nofollow'>Twitter for iPhone</a>";"Siapa yang nonton the little mermaid mau nangis:

Akuu";;;0;"1667795734719254528"
2023-06-11 14:10:03;"OPEN DM ! ?BACA PINED & RULES UPDATE BASE CA!";"57120779";;"-1";"in";"<a href='https://twitter.com/cybfess' rel='nofollow'>CYBER SPACE FESS</a>";"cys! ada yg mau denger coveran lagu ost the little mermaid ga?";;;0;"1667791287616143360"
2023-06-11 14:01:55;"Lynda Ibrahim";"182773459";;"-1";"in";"<a href='http://twitter.com/download/iphone' rel='nofollow'>Twitter for iPhone</a>";"Dari The Little Mermaid yg lebih progresif vs versi 1989, masker medis yg diolah sebagai karya seni, sampai batik bermotif phoenix Dr Saparinah Sadli yg menceritakan kekelaman kerusuhan menjelang Reformasi 1998 utk perempuan. Kolom Etalase, Kompas hari ini https://t.co/pmyvifqCZB";;;0;"1667789239789166593"
2023-06-11 13:53:28;"ananda, the idol ??";"1551456294036717568";;"-1";"in";"<a href='http://twitter.com/download/android' rel='nofollow'>Twitter for Android</a>";"RT @bethanyish: Ivy kayaknya kabarnya mandi terus, deh. Kapan udahan mandinya, kira-kira?

sebenernya ini spoiler event minggu depan, kakak…";;;3;"1667787115202244609"
2023-06-11 13:48:59;"???????.";"860714435924680704";;"-1";"in";"<a href='http://twitter.com/download/android' rel='nofollow'>Twitter for Android</a>";"RT @bethanyish: Ivy kayaknya kabarnya mandi terus, deh. Kapan udahan mandinya, kira-kira?

sebenernya ini spoiler event minggu depan, kakak…";;;3;"1667785984774381569"
2023-06-11 13:48:39;"bethany.";"1626663969615413249";;"-1";"in";"<a href='https://mobile.twitter.com' rel='nofollow'>Twitter Web App</a>";"Ivy kayaknya kabarnya mandi terus, deh. Kapan udahan mandinya, kira-kira?

sebenernya ini spoiler event minggu depan, kakak. kita minggu depan jadi the little mermaid kebetulan.";;;3;"1667785900728942594"
2023-06-11 13:37:33;"nama";"1385027171446493185";;"-1";"in";"<a href='http://twitter.com/download/android' rel='nofollow'>Twitter for Android</a>";"RT @SinemaTengahMlm: Kisah asli yang dark dari The Little Mermaid. Kisah asli yang dimaksud lebih ke original sebelum dipercantik oleh Disn…";;;77;"1667783108127784962"
2023-06-11 13:33:29;"NOL";"373373678";;"-1";"in";"<a href='http://twitter.com/download/iphone' rel='nofollow'>Twitter for iPhone</a>";"RT @SinemaTengahMlm: Kisah asli yang dark dari The Little Mermaid. Kisah asli yang dimaksud lebih ke original sebelum dipercantik oleh Disn…";;;77;"1667782085556453377"
2023-06-11 13:14:33;"MOTION";"2475701017";"Motionsket";"2475701017";"in";"<a href='http://twitter.com/download/iphone' rel='nofollow'>Twitter for iPhone</a>";"Sleeping Beauty 500
Cinderella 400
The Little Mermaid 300
Snow White & Pocahontas 200

udah paham ada yang mau nanya? btw reply ya abis ini yg QRT diminus 200.";;;0;"1667777318079856641"
2023-06-11 12:54:35;"A";"1255939508";;"-1";"in";"<a href='http://twitter.com/download/iphone' rel='nofollow'>Twitter for iPhone</a>";"RT @SinemaTengahMlm: Kisah asli yang dark dari The Little Mermaid. Kisah asli yang dimaksud lebih ke original sebelum dipercantik oleh Disn…";;;77;"1667772293727285250"
2023-06-11 12:53:55;"ele";"1015561812";;"-1";"in";"<a href='http://twitter.com/download/android' rel='nofollow'>Twitter for Android</a>";"RT @SinemaTengahMlm: Kisah asli yang dark dari The Little Mermaid. Kisah asli yang dimaksud lebih ke original sebelum dipercantik oleh Disn…";;;77;"1667772127301480451"
2023-06-11 12:28:35;"sulfhian s•";"38138879";;"-1";"in";"<a href='http://twitter.com/download/iphone' rel='nofollow'>Twitter for iPhone</a>";"RT @SinemaTengahMlm: Kisah asli yang dark dari The Little Mermaid. Kisah asli yang dimaksud lebih ke original sebelum dipercantik oleh Disn…";;;77;"1667765750063570946"
2023-06-11 12:17:07;"shazu ?";"1578679707117109249";"norimaba";"1650744413914804225";"in";"<a href='http://twitter.com/download/android' rel='nofollow'>Twitter for Android</a>";"@norimaba udah nonton the little mermaid belom";;;0;"1667762866844491776"
2023-06-11 12:16:30;"MOTION";"2475701017";"Motionsket";"2475701017";"in";"<a href='http://itunes.apple.com/us/app/twitter/id409789998?mt=12' rel='nofollow'>Twitter for Mac</a>";"contohnyaaa,

soal: The Little Mermaid, dimulai dari huruf atas huruf A. 
jawaban: P1: Aquata, P2: Ariel, P3: Attina, P4: Eric, P5: Sebastian dst

kalau Abel minta dari huruf A tapi ternyata pas cek jawabannya Eric dulu baru Ariel, minus ya pointnya dan sebaliknya berlaku juga-";;;0;"1667762711097397251"
2023-06-11 12:06:54;"???????. BACKBU2NER";"933930277499318272";"astraelda";"840802490186588160";"in";"<a href='http://twitter.com/download/iphone' rel='nofollow'>Twitter for iPhone</a>";"@astraelda ?.* tadi aku sempet mimpi disuruh ngerjain misi as karakter the little mermaid. Tapi jadi ikan. ???";;;0;"1667760294398148608"
2023-06-11 11:56:30;"dreamers";"110923326";;"-1";"in";"<a href='http://twitter.com/download/android' rel='nofollow'>Twitter for Android</a>";"RT @SinemaTengahMlm: Kisah asli yang dark dari The Little Mermaid. Kisah asli yang dimaksud lebih ke original sebelum dipercantik oleh Disn…";;;77;"1667757676154208256"
2023-06-11 11:55:49;"Nadhira";"2162303204";;"-1";"in";"<a href='http://twitter.com/download/android' rel='nofollow'>Twitter for Android</a>";"//Belakangan ini sih part of your world by Halle bailey ya, demam the little mermaid https://t.co/SFh9w9lZev";;;0;"1667757503910907904"
2023-06-11 11:48:47;"mindi";"489921253";;"-1";"in";"<a href='http://twitter.com/download/iphone' rel='nofollow'>Twitter for iPhone</a>";"RT @SinemaTengahMlm: Kisah asli yang dark dari The Little Mermaid. Kisah asli yang dimaksud lebih ke original sebelum dipercantik oleh Disn…";;;77;"1667755734829010944"
2023-06-11 11:41:54;"#PakaiMasker";"1385000339728781313";;"-1";"in";"<a href='http://twitter.com/download/android' rel='nofollow'>Twitter for Android</a>";"RT @SinemaTengahMlm: Kisah asli yang dark dari The Little Mermaid. Kisah asli yang dimaksud lebih ke original sebelum dipercantik oleh Disn…";;;77;"1667754001721597953"
2023-06-11 11:22:16;"?????";"2908423530";;"-1";"in";"<a href='http://twitter.com/download/iphone' rel='nofollow'>Twitter for iPhone</a>";"wehhh banyaknya movie baru bulan ni. transformers, spider-man, the little mermaid, the flash. tak dan weh nak tengok semua ?";;;0;"1667749062693781505"
2023-06-11 11:12:57;"h?zel";"1664498580466573318";;"-1";"in";"<a href='http://twitter.com/download/android' rel='nofollow'>Twitter for Android</a>";"siapapun temenin aku nonton the little mermaid ???";;;0;"1667746720120438786"
2023-06-11 10:50:41;"Catreonot || ?";"1439821712";;"-1";"in";"<a href='http://twitter.com/download/android' rel='nofollow'>Twitter for Android</a>";"RT @4mod_: The Little Mermaid kalo syutingnya di Parangtritis :";;;2;"1667741114860965888"
2023-06-11 10:49:22;"Julio";"1324650740";;"-1";"in";"<a href='http://twitter.com/download/iphone' rel='nofollow'>Twitter for iPhone</a>";"RT @4mod_: The Little Mermaid kalo syutingnya di Parangtritis :";;;2;"1667740782793744390"
2023-06-11 10:48:13;"amod (he/who/remains)";"1011233890621509633";;"-1";"in";"<a href='https://mobile.twitter.com' rel='nofollow'>Twitter Web App</a>";"The Little Mermaid kalo syutingnya di Parangtritis : https://t.co/8Gdmg8fjDe";;;2;"1667740493495799809"
2023-06-11 10:43:21;"Textrovert";"1095316344348659712";;"-1";"in";"<a href='http://twitter.com/download/iphone' rel='nofollow'>Twitter for iPhone</a>";"RT @SinemaTengahMlm: Kisah asli yang dark dari The Little Mermaid. Kisah asli yang dimaksud lebih ke original sebelum dipercantik oleh Disn…";;;77;"1667739267978911745"
2023-06-11 10:31:06;"Cho | WTS JASTIP PROMO XXI & CINEMA 21! CEK PINNED";"1459576987849084936";;"-1";"in";"<a href='http://twitter.com/download/android' rel='nofollow'>Twitter for Android</a>";"WTS PROMO JASTIP TIKET NONTON MURAH DI XXI & CINEMA21

Promo TIKET SPIDERMAN
Promo TIKET TRANSFORMER
Promo TIKET HATI SUHITA
Promo TIKET THE LITTLE MERMAID
Promo TIKET FAST X
Promo TIKET THE FLASH

Tags. Promo Tiket XXI,Promo Bioskop, Tiket Murah. 

#zonauang #zonajajan #zonaba https://t.co/PHRNni1RKB";;;0;"1667736184326594560"
2023-06-11 09:55:36;"haruto girl REBOOT ?";"1585405760917639173";;"-1";"in";"<a href='http://twitter.com/download/android' rel='nofollow'>Twitter for Android</a>";"Setidaknya sekali sehari lo harus dengerin part of ur world nya the little mermaid https://t.co/zsf7EHqTe2";;;1;"1667727251566391298"
2023-06-11 09:27:36;"I  C  K  Y";"303719988";;"-1";"in";"<a href='http://twitter.com/download/iphone' rel='nofollow'>Twitter for iPhone</a>";"RT @SinemaTengahMlm: Kisah asli yang dark dari The Little Mermaid. Kisah asli yang dimaksud lebih ke original sebelum dipercantik oleh Disn…";;;77;"1667720204720439297"
2023-06-11 08:54:56;"Mia";"431341081";;"-1";"in";"<a href='http://twitter.com/download/iphone' rel='nofollow'>Twitter for iPhone</a>";"RT @SinemaTengahMlm: Kisah asli yang dark dari The Little Mermaid. Kisah asli yang dimaksud lebih ke original sebelum dipercantik oleh Disn…";;;77;"1667711987084853248"
2023-06-11 08:21:15;"ANPANMAN";"2510043182";;"-1";"in";"<a href='http://twitter.com/download/android' rel='nofollow'>Twitter for Android</a>";"RT @SinemaTengahMlm: Kisah asli yang dark dari The Little Mermaid. Kisah asli yang dimaksud lebih ke original sebelum dipercantik oleh Disn…";;;77;"1667703509800849408"
2023-06-11 07:56:20;"A. N. D. R. I.";"47948921";;"-1";"in";"<a href='http://twitter.com/download/iphone' rel='nofollow'>Twitter for iPhone</a>";"RT @urfavodessert: Kayaknya gue salah download soundtracknya the little mermaid deh ?

The little 'catty' ....? https://t.co/54siEOy7OT";;;4;"1667697238108438528"
2023-06-11 07:37:12;"Upi";"307160891";;"-1";"in";"<a href='http://twitter.com/download/android' rel='nofollow'>Twitter for Android</a>";"RT @cinecrib_: “Tapi kan itu syutingnya CGI, min?”

Eits jangan salah, meski gak keseluruhan, syuting The Little Mermaid juga beneran di da…";;;6;"1667692422024007681"
2023-06-11 07:37:03;"Upi";"307160891";;"-1";"in";"<a href='http://twitter.com/download/android' rel='nofollow'>Twitter for Android</a>";"RT @cinecrib_: Ini adalah foto latihan Halle Bailey waktu mau main film Avenge... eh bukan, bukan Avengers, tapi The Little Mermaid.

'Ribe…";;;19;"1667692384115900416"
2023-06-11 07:05:09;"?? ??";"189428369";;"-1";"in";"<a href='http://twitter.com/download/iphone' rel='nofollow'>Twitter for iPhone</a>";"RT @SinemaTengahMlm: Kisah asli yang dark dari The Little Mermaid. Kisah asli yang dimaksud lebih ke original sebelum dipercantik oleh Disn…";;;77;"1667684357912551425"
2023-06-11 06:36:24;"? ???????";"238188832";;"-1";"in";"<a href='http://twitter.com/download/iphone' rel='nofollow'>Twitter for iPhone</a>";"RT @SinemaTengahMlm: Kisah asli yang dark dari The Little Mermaid. Kisah asli yang dimaksud lebih ke original sebelum dipercantik oleh Disn…";;;77;"1667677121261756417"
2023-06-11 06:31:03;"ki";"579093615";;"-1";"in";"<a href='http://twitter.com/download/iphone' rel='nofollow'>Twitter for iPhone</a>";"RT @SinemaTengahMlm: Kisah asli yang dark dari The Little Mermaid. Kisah asli yang dimaksud lebih ke original sebelum dipercantik oleh Disn…";;;77;"1667675775020208128"
2023-06-11 06:10:07;"Yogi";"1006293612718579712";;"-1";"in";"<a href='http://twitter.com/download/android' rel='nofollow'>Twitter for Android</a>";"RT @cinecrib_: Ini adalah foto latihan Halle Bailey waktu mau main film Avenge... eh bukan, bukan Avengers, tapi The Little Mermaid.

'Ribe…";;;19;"1667670505913221120"
2023-06-11 06:07:55;"Asiva";"1071393011496452096";;"-1";"in";"<a href='https://mobile.twitter.com' rel='nofollow'>Twitter Web App</a>";"04/06 nonton The Little Mermaid: Lagu-lagunya enak; Ariel suaranya bagus?; Sebastian lucu?; Prince is fine tapi menurutku suaranya kureng? tapi jujur aku nontonnya ngantuk?? belum nonton animasinya, jadi agak kesel ya sama karakternya Ariel :)

rate dari aku pribadi 7/10 https://t.co/0VOkhu6OCV";;;0;"1667669956073488384"
2023-06-11 05:56:33;"Abikrisna R Ivanov";"207002365";;"-1";"in";"<a href='http://twitter.com/download/iphone' rel='nofollow'>Twitter for iPhone</a>";"RT @SinemaTengahMlm: Kisah asli yang dark dari The Little Mermaid. Kisah asli yang dimaksud lebih ke original sebelum dipercantik oleh Disn…";;;77;"1667667092345331712"
2023-06-11 05:46:10;"YuNzA";"146057616";;"-1";"in";"<a href='http://twitter.com/download/android' rel='nofollow'>Twitter for Android</a>";"RT @SinemaTengahMlm: Kisah asli yang dark dari The Little Mermaid. Kisah asli yang dimaksud lebih ke original sebelum dipercantik oleh Disn…";;;77;"1667664479486902272"
2023-06-11 05:39:42;"bobob";"1333681180743385089";;"-1";"in";"<a href='http://twitter.com/download/iphone' rel='nofollow'>Twitter for iPhone</a>";"RT @urfavodessert: Kayaknya gue salah download soundtracknya the little mermaid deh ?

The little 'catty' ....? https://t.co/54siEOy7OT";;;4;"1667662851149021185"
2023-06-11 05:32:41;"dimi";"166505824";;"-1";"in";"<a href='http://twitter.com/download/iphone' rel='nofollow'>Twitter for iPhone</a>";"RT @SinemaTengahMlm: Kisah asli yang dark dari The Little Mermaid. Kisah asli yang dimaksud lebih ke original sebelum dipercantik oleh Disn…";;;77;"1667661085774839808"
2023-06-11 05:24:51;"?????";"241467885";;"-1";"in";"<a href='http://twitter.com/download/iphone' rel='nofollow'>Twitter for iPhone</a>";"RT @SinemaTengahMlm: Kisah asli yang dark dari The Little Mermaid. Kisah asli yang dimaksud lebih ke original sebelum dipercantik oleh Disn…";;;77;"1667659117232799744"
2023-06-11 05:22:33;"H/die ?";"57865458";;"-1";"in";"<a href='http://twitter.com/download/android' rel='nofollow'>Twitter for Android</a>";"RT @SinemaTengahMlm: Kisah asli yang dark dari The Little Mermaid. Kisah asli yang dimaksud lebih ke original sebelum dipercantik oleh Disn…";;;77;"1667658535931629568"
2023-06-11 05:14:54;"?";"1465887787123720196";"moviemenfes";"1565895180";"in";"<a href='http://twitter.com/download/android' rel='nofollow'>Twitter for Android</a>";"@moviemenfes Akhir2 ini the Idol, Little mermaid, 500 days summer. 
Tpi pas des-feb sering up Alice in Borderland smpe gw gajdi tamatinnya krna kena spoiler mulu";;;0;"1667656613115875328"
2023-06-11 05:04:35;"Fa";"354062322";;"-1";"in";"<a href='http://twitter.com/download/iphone' rel='nofollow'>Twitter for iPhone</a>";"RT @SinemaTengahMlm: Kisah asli yang dark dari The Little Mermaid. Kisah asli yang dimaksud lebih ke original sebelum dipercantik oleh Disn…";;;77;"1667654016409698305"
2023-06-11 04:40:04;"Waknep";"384160246";;"-1";"in";"<a href='http://twitter.com/download/android' rel='nofollow'>Twitter for Android</a>";"RT @SinemaTengahMlm: Kisah asli yang dark dari The Little Mermaid. Kisah asli yang dimaksud lebih ke original sebelum dipercantik oleh Disn…";;;77;"1667647843870593024"
2023-06-11 02:54:20;"??????";"99229819";;"-1";"in";"<a href='http://twitter.com/download/iphone' rel='nofollow'>Twitter for iPhone</a>";"RT @SinemaTengahMlm: Kisah asli yang dark dari The Little Mermaid. Kisah asli yang dimaksud lebih ke original sebelum dipercantik oleh Disn…";;;77;"1667621237491900416"
2023-06-11 02:47:12;"Mishima Zaibatsu";"364042824";;"-1";"in";"<a href='http://twitter.com/download/iphone' rel='nofollow'>Twitter for iPhone</a>";"RT @SinemaTengahMlm: Kisah asli yang dark dari The Little Mermaid. Kisah asli yang dimaksud lebih ke original sebelum dipercantik oleh Disn…";;;77;"1667619441943908354"
2023-06-11 02:35:29;"Bayu Suryawan";"162672474";;"-1";"in";"<a href='http://twitter.com/download/iphone' rel='nofollow'>Twitter for iPhone</a>";"RT @SinemaTengahMlm: Kisah asli yang dark dari The Little Mermaid. Kisah asli yang dimaksud lebih ke original sebelum dipercantik oleh Disn…";;;77;"1667616491582406656"
2023-06-11 02:22:41;"VAN WIJK. (Plot Mode)";"1224595102347087873";;"-1";"in";"<a href='http://twitter.com/download/android' rel='nofollow'>Twitter for Android</a>";"?

[    LINE.    |    @cerahsemu    ]

:  Nggun.
:  Soriii banget ganggu malem-malem.
:  Film The Little Mermaid di bioskop,
   masih ada nggak sih?

? https://t.co/EqeLpnZ1iH";;;0;"1667613271334223872"
2023-06-11 02:20:58;"Pemuda Anarkis Rancaekek";"125937638";;"-1";"in";"<a href='http://twitter.com/download/iphone' rel='nofollow'>Twitter for iPhone</a>";"RT @SinemaTengahMlm: Kisah asli yang dark dari The Little Mermaid. Kisah asli yang dimaksud lebih ke original sebelum dipercantik oleh Disn…";;;77;"1667612838758866944"
2023-06-11 02:16:18;"wo'ttah";"1421550307528478721";;"-1";"in";"<a href='http://twitter.com/download/android' rel='nofollow'>Twitter for Android</a>";"RT @SinemaTengahMlm: Kisah asli yang dark dari The Little Mermaid. Kisah asli yang dimaksud lebih ke original sebelum dipercantik oleh Disn…";;;77;"1667611665167454209"
2023-06-11 01:47:20;"Hi its POPO";"1006184643672961024";;"-1";"in";"<a href='http://twitter.com/download/android' rel='nofollow'>Twitter for Android</a>";"masih kebayang film the little mermaid kemaren :( suka bgt scene ariel abis nyanyi part of that world trus dia berenang ke luar laut :( TRUS EKOR NYA BNR BNR KEK NYATA NJIR W KIRA KEK BAJU BAJU MERMAID GITU WKWK";;;0;"1667604375626473472"
2023-06-11 01:39:54;"Zodwitzki Kenobi";"70447839";;"-1";"in";"<a href='http://twitter.com/download/iphone' rel='nofollow'>Twitter for iPhone</a>";"RT @SinemaTengahMlm: Kisah asli yang dark dari The Little Mermaid. Kisah asli yang dimaksud lebih ke original sebelum dipercantik oleh Disn…";;;77;"1667602503951630341"
2023-06-11 01:38:45;"_jejakbersua";"1592811994926960640";;"-1";"in";"<a href='http://twitter.com/download/android' rel='nofollow'>Twitter for Android</a>";"RT @SinemaTengahMlm: Kisah asli yang dark dari The Little Mermaid. Kisah asli yang dimaksud lebih ke original sebelum dipercantik oleh Disn…";;;77;"1667602215291473921"
2023-06-11 00:39:58;"N";"69256093";;"-1";"in";"<a href='http://twitter.com/download/android' rel='nofollow'>Twitter for Android</a>";"RT @SinemaTengahMlm: Kisah asli yang dark dari The Little Mermaid. Kisah asli yang dimaksud lebih ke original sebelum dipercantik oleh Disn…";;;77;"1667587424095211520"
2023-06-11 00:37:17;"Rebellious, Sasa.";"1388749566";"seeuhn";"368264251";"in";"<a href='http://twitter.com/download/android' rel='nofollow'>Twitter for Android</a>";"@seeuhn @STAYC_talk Haloo cantik! Kamu suka the little mermaid kah? Namanya mirip ? pacaran nomer 1 tuh bukan badness dah, itu sebuah prestasi soalnya ngga semua orang bisa, ngga semua orang kuat ?";;;0;"1667586746014650369"
2023-06-11 00:33:40;"Am";"1240643251637346304";;"-1";"in";"<a href='http://twitter.com/download/iphone' rel='nofollow'>Twitter for iPhone</a>";"the little mermaid 10/10 tp sumpah kalo pemeran arielnya lebih mirip sm versi kartun nya 1jt/10?";;;0;"1667585838853791744"
2023-06-11 00:22:30;"Patricia Wijaya";"81797652";;"-1";"in";"<a href='http://twitter.com/download/android' rel='nofollow'>Twitter for Android</a>";"RT @SinemaTengahMlm: Kisah asli yang dark dari The Little Mermaid. Kisah asli yang dimaksud lebih ke original sebelum dipercantik oleh Disn…";;;77;"1667583026266779648"
2023-06-11 00:22:07;"ica.";"76548605";;"-1";"in";"<a href='http://twitter.com/download/iphone' rel='nofollow'>Twitter for iPhone</a>";"RT @SinemaTengahMlm: Kisah asli yang dark dari The Little Mermaid. Kisah asli yang dimaksud lebih ke original sebelum dipercantik oleh Disn…";;;77;"1667582929940385792"
2023-06-11 00:20:04;"sadio wildan mane";"1238852632136921093";;"-1";"in";"<a href='http://twitter.com/download/android' rel='nofollow'>Twitter for Android</a>";"RT @SinemaTengahMlm: Kisah asli yang dark dari The Little Mermaid. Kisah asli yang dimaksud lebih ke original sebelum dipercantik oleh Disn…";;;77;"1667582416234622976"
2023-06-11 00:17:41;"ilmaare";"1290389491010555906";;"-1";"in";"<a href='http://twitter.com/download/android' rel='nofollow'>Twitter for Android</a>";"RT @SinemaTengahMlm: Kisah asli yang dark dari The Little Mermaid. Kisah asli yang dimaksud lebih ke original sebelum dipercantik oleh Disn…";;;77;"1667581813471195142"
2023-06-11 00:15:35;"?????";"157193095";;"-1";"in";"<a href='http://twitter.com/download/android' rel='nofollow'>Twitter for Android</a>";"RT @SinemaTengahMlm: Kisah asli yang dark dari The Little Mermaid. Kisah asli yang dimaksud lebih ke original sebelum dipercantik oleh Disn…";;;77;"1667581287518060544"
2023-06-11 00:04:33;"Arlyn Wulandari S";"2150058992";;"-1";"in";"<a href='http://twitter.com/download/android' rel='nofollow'>Twitter for Android</a>";"RT @SinemaTengahMlm: Kisah asli yang dark dari The Little Mermaid. Kisah asli yang dimaksud lebih ke original sebelum dipercantik oleh Disn…";;;77;"1667578509060096000"
2023-06-11 00:03:59;"IYLS";"468234103";;"-1";"in";"<a href='http://twitter.com/download/android' rel='nofollow'>Twitter for Android</a>";"RT @SinemaTengahMlm: Kisah asli yang dark dari The Little Mermaid. Kisah asli yang dimaksud lebih ke original sebelum dipercantik oleh Disn…";;;77;"1667578368450248705"
2023-06-10 23:53:29;"Ms. Chanandler Bong";"45797137";;"-1";"in";"<a href='http://twitter.com/download/android' rel='nofollow'>Twitter for Android</a>";"RT @SinemaTengahMlm: Kisah asli yang dark dari The Little Mermaid. Kisah asli yang dimaksud lebih ke original sebelum dipercantik oleh Disn…";;;77;"1667575724948213760"
2023-06-10 23:44:03;"Eja";"190613428";;"-1";"in";"<a href='http://twitter.com/download/android' rel='nofollow'>Twitter for Android</a>";"RT @SinemaTengahMlm: Kisah asli yang dark dari The Little Mermaid. Kisah asli yang dimaksud lebih ke original sebelum dipercantik oleh Disn…";;;77;"1667573349747408898"
2023-06-10 23:43:25;"WatchmenID ?";"950632407530577920";;"-1";"in";"<a href='http://twitter.com/download/android' rel='nofollow'>Twitter for Android</a>";"RT @SinemaTengahMlm: Kisah asli yang dark dari The Little Mermaid. Kisah asli yang dimaksud lebih ke original sebelum dipercantik oleh Disn…";;;77;"1667573190061887488"
2023-06-10 23:34:28;"alva";"3196277233";;"-1";"in";"<a href='http://twitter.com/download/android' rel='nofollow'>Twitter for Android</a>";"RT @SinemaTengahMlm: Kisah asli yang dark dari The Little Mermaid. Kisah asli yang dimaksud lebih ke original sebelum dipercantik oleh Disn…";;;77;"1667570940073644033"
2023-06-10 23:23:51;"ardha²³";"1493471685512601600";;"-1";"in";"<a href='http://twitter.com/download/android' rel='nofollow'>Twitter for Android</a>";"[10/06/'23]

hari ini tambahan tpa utul ugm & nonton the little mermaid :D ??????? https://t.co/QI6BfZuy2h";;;1;"1667568265579892736"
2023-06-10 23:22:53;"anneke puteri";"152537893";;"-1";"in";"<a href='http://twitter.com/download/android' rel='nofollow'>Twitter for Android</a>";"RT @SinemaTengahMlm: Kisah asli yang dark dari The Little Mermaid. Kisah asli yang dimaksud lebih ke original sebelum dipercantik oleh Disn…";;;77;"1667568022670958592"
2023-06-10 23:20:38;"Nur Sodik";"792331087112343552";;"-1";"in";"<a href='http://twitter.com/download/android' rel='nofollow'>Twitter for Android</a>";"RT @SinemaTengahMlm: Kisah asli yang dark dari The Little Mermaid. Kisah asli yang dimaksud lebih ke original sebelum dipercantik oleh Disn…";;;77;"1667567458444795904"
2023-06-10 23:15:30;"Mohd Faiz";"1907731243";;"-1";"in";"<a href='http://twitter.com/download/iphone' rel='nofollow'>Twitter for iPhone</a>";"Aku sggup cari toys r us dkt mid td and ada plan nk grab another The Little Mermaid doll. Tp fkr balik bnyk sgt dh blnja bulan ni, nk survive lg 2 mggu utk gaji sksksksksksksk";;;0;"1667566164195827712"
2023-06-10 23:11:09;"Dik Sea.";"2504266020";"Leejuyebn";"3188187127";"in";"<a href='https://twitter.com' rel='nofollow'>TweetDeck Web App</a>";"@Leejuyebn Emang harus semangat ya kak The Little Mermaid, Ardhan?";;;0;"1667565070254247937"
2023-06-10 23:04:12;"wawa bee";"2915395886";;"-1";"in";"<a href='http://twitter.com/download/iphone' rel='nofollow'>Twitter for iPhone</a>";"Cpat pula long tv ni release the little mermaid punya cerita. Pdhal bru ja ditayangkn 26 may tu";;;0;"1667563324043849728"
2023-06-10 23:02:43;"dimi";"166505824";;"-1";"in";"<a href='http://twitter.com/download/iphone' rel='nofollow'>Twitter for iPhone</a>";"RT @cinecrib_: Ini adalah foto latihan Halle Bailey waktu mau main film Avenge... eh bukan, bukan Avengers, tapi The Little Mermaid.

'Ribe…";;;19;"1667562947009462273"
2023-06-10 22:51:49;"archavlio";"1303280926621794304";"archavlio";"1303280926621794304";"in";"<a href='http://twitter.com/download/iphone' rel='nofollow'>Twitter for iPhone</a>";"sebenarnya penilaian ini agak subjektif karna dari awal aku bukan penggemar cerita the little mermaid wkwk";;;0;"1667560206774181899"
2023-06-10 22:46:50;"Whom";"1585975912180633602";;"-1";"in";"<a href='http://twitter.com/download/iphone' rel='nofollow'>Twitter for iPhone</a>";"ADUHHH gamon bgt sama The Little Mermaid ??????";;;0;"1667558951737757696"
2023-06-10 22:44:36;"?";"329747069";;"-1";"in";"<a href='http://twitter.com/download/android' rel='nofollow'>Twitter for Android</a>";"RT @WatchmenID: Pada akhirnya The Little Mermaid merupakan sebuah adaptasi yang jujur dengan source versi animasinya.

Harus diakui ga semu…";;;6;"1667558390472798208"
2023-06-10 22:21:49;"Hutomo";"3505028418";;"-1";"in";"<a href='http://twitter.com/download/iphone' rel='nofollow'>Twitter for iPhone</a>";"RT @SinemaTengahMlm: Kisah asli yang dark dari The Little Mermaid. Kisah asli yang dimaksud lebih ke original sebelum dipercantik oleh Disn…";;;77;"1667552657102471170"
2023-06-10 22:19:15;"archavlio";"1303280926621794304";;"-1";"in";"<a href='http://twitter.com/download/iphone' rel='nofollow'>Twitter for iPhone</a>";"telat banget sih, tapi akhirnya sempet juga nonton the little mermaid haha ???????? https://t.co/GJjYi4EZEg";;;0;"1667552011586523142"
2023-06-10 22:14:54;"Minerva";"1585724799107493895";;"-1";"in";"<a href='http://twitter.com/download/android' rel='nofollow'>Twitter for Android</a>";"The little mermaid (9/10) pokoknya jangan percaya mulutnya si gendis https://t.co/aAvyf0DgMW https://t.co/FpSn4SvQIM";;;0;"1667550914058797056"
2023-06-10 22:09:31;"songket (taylor's version)";"747195363988168704";;"-1";"in";"<a href='http://twitter.com/download/iphone' rel='nofollow'>Twitter for iPhone</a>";"Kuota tengok wayang ngan Aishah dah habis la tahun ni. So kena tgk The Little Mermaid solo ja";;;0;"1667549561764859905"
2023-06-10 21:56:09;"Sinema Tengah Malam";"1165741611227041792";;"-1";"in";"<a href='https://mobile.twitter.com' rel='nofollow'>Twitter Web App</a>";"Kisah asli yang dark dari The Little Mermaid. Kisah asli yang dimaksud lebih ke original sebelum dipercantik oleh Disney

Ternyata bukan hanya kisahnya yang dark tapi ada penelitian tentang penyakit mermaid ini. Bukti penampakan mermaid pun beberapa kali pernah terlihat gais! https://t.co/lbmAtbyFS5";;;77;"1667546198943887361"
2023-06-10 21:49:44;"diha";"874019270";;"-1";"in";"<a href='https://www.swarmapp.com' rel='nofollow'>Foursquare Swarm</a>";"The Little Mermaid ???????????????? (@ TGV Cinemas in Setiawangsa, Wilayah Persekutuan Kuala Lumpur) https://t.co/BJEFf0Oz9Q https://t.co/yYaV8vyrCA";3.17748699;101.74966821;0;"1667544583570423808"
2023-06-10 21:35:08;"kaykay²??°.•";"1563031224561840128";;"-1";"in";"<a href='http://twitter.com/download/android' rel='nofollow'>Twitter for Android</a>";"tadi aku abis nonton the little mermaid dan jujur FILMNYA BAGUS BGTT??";;;0;"1667540908840222720"
2023-06-10 21:14:00;"Kenzo loves Queensha";"1372236863574929408";"hoodycIoud";"1611897474108776448";"in";"<a href='http://twitter.com/download/android' rel='nofollow'>Twitter for Android</a>";"@hoodycIoud THE LITTLE MERMAID PLEASE KALO LU SAYANG GW";;;0;"1667535591024779265"
2023-06-10 21:13:19;"nad. ??";"1282926503936720896";;"-1";"in";"<a href='https://mobile.twitter.com' rel='nofollow'>Twitter Web App</a>";"Review The Little Mermaid

Rate: 9/10
Menurut gua sih bagus dan seru ajaa. Kalo kalian bilang filmnya gelap, ya orang ceritanya di dasar laut wkwkwk kalo udah agak di atas kan terang gitu. Terus Halle cantik cantik aja, sebastiannya juga lucu. https://t.co/M3CTB9iDhb";;;0;"1667535415627354112"
2023-06-10 21:11:57;"rdt";"94275536";;"-1";"in";"<a href='http://twitter.com/download/iphone' rel='nofollow'>Twitter for iPhone</a>";"Nonton the little mermaid barusan setelah dihantam film action dari kemaren. Lumayan biar ga monoton..";;;0;"1667535072097107970"
2023-06-10 21:03:16;"Queensha loves Kenzo more!";"1611897474108776448";;"-1";"in";"<a href='http://twitter.com/download/android' rel='nofollow'>Twitter for Android</a>";"mending nonton The Little Mermaid atau Fast X ya... bIMBANG.";;;0;"1667532887246401542"
2023-06-10 21:00:49;"?";"1527034487192039424";;"-1";"in";"<a href='http://twitter.com/download/iphone' rel='nofollow'>Twitter for iPhone</a>";"nak tengok the little mermaid ?";;;0;"1667532272822566913"
2023-06-10 20:59:58;"‘";"1288753248950579200";;"-1";"in";"<a href='http://twitter.com/download/iphone' rel='nofollow'>Twitter for iPhone</a>";"Nak tengok the little mermaid lagi………………. https://t.co/Ch5qNEOv8i";;;0;"1667532056992317442"
2023-06-10 20:59:38;"masskurr";"1402132164615966721";;"-1";"in";"<a href='http://twitter.com/download/android' rel='nofollow'>Twitter for Android</a>";"Gimana nih udah pada nonton film: The Little Mermaid belom nihh ??? Yukk langsung dengerin episode kali ini guyss tentang review film : The Little Mermaid?
https://t.co/Slu1QY1P90";;;1;"1667531972967817221"
2023-06-10 20:51:37;"Fahri";"1338027760837513216";;"-1";"in";"<a href='http://twitter.com/download/iphone' rel='nofollow'>Twitter for iPhone</a>";"Dulu excited mau nonton the little mermaid. Giliran dah tayang, ga sempat mulu ??";;;0;"1667529954534522880"
2023-06-10 20:30:48;"????? ???? ??";"349181330";;"-1";"in";"<a href='http://twitter.com/download/android' rel='nofollow'>Twitter for Android</a>";"Nak tengok wayang tapi tak tau nak tengok cerita apa? Meh iols tolong buat pilihan (based on my preference)

#AcrossTheSpiderVerse > GOTG3 > Polis Evo 3, The Little Mermaid > Transformers, Fast X";;;0;"1667524717870465024"
2023-06-10 20:04:10;"kepak sayap kebhinekaan";"272741835";;"-1";"in";"<a href='http://twitter.com/download/android' rel='nofollow'>Twitter for Android</a>";"Minggir kalian semua yang bilang the little mermaid jelek INI LEBIH BAGUS DARI YANG VERSI ANIMASI ASJSJAJZJ 

ARIEL? PERFECT

PRINCE ERIC? PERFECT

KING TRITONNNNN??? U MEAN DADDYYYY??";;;0;"1667518013824962562"
2023-06-10 19:55:33;"sam?";"1500872784121143299";;"-1";"in";"<a href='http://twitter.com/download/iphone' rel='nofollow'>Twitter for iPhone</a>";"ba2ool le okhty yenfa3 adkhol ma3aki enty w sohabek  the little mermaid fa dehket 3alaia w meshyet";;;0;"1667515847299026944"
2023-06-10 19:44:56;"?";"1407057165005647872";;"-1";"in";"<a href='http://twitter.com/download/android' rel='nofollow'>Twitter for Android</a>";"hehehe baru nntn the little mermaid DAN AKU GABISA STOP NYANYI PART OF YOUR WORLD";;;0;"1667513175921823745"
2023-06-10 19:44:27;"ttinbi";"1220715893279416321";"247365y";"1220715893279416321";"in";"<a href='http://twitter.com/download/android' rel='nofollow'>Twitter for Android</a>";"34. The Little Mermaid (1989)

ariel tuh emg patut diacungi jempol untuk kegigihannya pgn jd manusia. tp tuh, aku agak menyayangkan dia sampe rela ngasi suaranya buat ursula bahkan rela nyerahin diri buat ursula kalo gagal dapet true love's kiss.. kayak KENAPA gt loh sampe begitu https://t.co/NIh47AXNL0";;;0;"1667513055390101505"
2023-06-10 19:42:07;"?.";"840028972503162880";"daninie_nj";"1554324437255991296";"in";"<a href='http://twitter.com/download/android' rel='nofollow'>Twitter for Android</a>";"@daninie_nj sama-sama danielle. btw, aku suka banget sama suara kamu di ost the little mermaid???";;;0;"1667512464572026880"
2023-06-10 19:24:57;"Changmin's Long Legs";"2198824720";;"-1";"in";"<a href='http://twitter.com/download/android' rel='nofollow'>Twitter for Android</a>";"RT @cinecrib_: “Tapi kan itu syutingnya CGI, min?”

Eits jangan salah, meski gak keseluruhan, syuting The Little Mermaid juga beneran di da…";;;6;"1667508145412009984"
2023-06-10 19:12:19;"NY";"102608306";;"-1";"in";"<a href='http://twitter.com/download/android' rel='nofollow'>Twitter for Android</a>";"Seminggu terakhir nonton Transformer + The Little Mermaid. Emang kayaknya makin kesini makin kesana nih seleranya ?";;;0;"1667504964766437377"
2023-06-10 19:02:59;"???? ???? ???? ?????????. ???? ????";"1348186635930750976";"PUKAUEUNOIA";"1078438395406213121";"in";"<a href='http://twitter.com/download/android' rel='nofollow'>Twitter for Android</a>";"@PUKAUEUNOIA ??
??
??
Hahaha, ngeri juga ya kalau betulan ada? Sejauh saya pernah berlayar, belum ada ketemu. Saya sendiri sih lebih senang kalau ketemu Ariel The Little Mermaid. Kalau kamu percaya, nggak?
??
??
??";;;0;"1667502618590203904"
2023-06-10 18:42:11;"jalps";"1059792181165080576";;"-1";"in";"<a href='http://twitter.com/download/android' rel='nofollow'>Twitter for Android</a>";"yaAllah kapan ye gw bs nonton the little mermaid ga jadi2 gw nonton gw mau nontoooonnnnn. kmrn gw gajadi gr2 rapaat taiiiii";;;0;"1667497385575186434"
2023-06-10 18:31:49;"Dede";"1032660649";;"-1";"in";"<a href='http://twitter.com/download/iphone' rel='nofollow'>Twitter for iPhone</a>";"Pgn nonton the little mermaid. Tapi ga ada temen ?";;;0;"1667494774730035203"
2023-06-10 18:25:49;"Semone";"700812404444139520";"__secondstar";"1167722184";"in";"<a href='http://twitter.com/download/android' rel='nofollow'>Twitter for Android</a>";"@__secondstar Bukan (walau iya mau follow).. Ini maksudku lagi bercanda soalnya nama akunmu into your sea, dan ada lagu part of your world di the little mermaid (....) Maafkan selera humorku orz";;;0;"1667493266307141633"
2023-06-10 18:13:29;"shaa???????";"1370735652371767299";;"-1";"in";"<a href='http://twitter.com/download/android' rel='nofollow'>Twitter for Android</a>";"guys kalian harus nonton Transformers karena seruuu bangett bangettt????,  ga nyesel sih tadi ga jadi nonton The Little Mermaid??";;;0;"1667490159410176002"
2023-06-10 16:54:15;"MOTION";"2475701017";"Motionsket";"2475701017";"in";"<a href='http://twitter.com/download/android' rel='nofollow'>Twitter for Android</a>";"THE RESULTS 

@sananyaw (Pocahontas) ? +250
@terezono (Sleeping Beauty) ? -250

@ezakiu (Little Mermaid) ? -250

@julpa (Snow White) ? -250

@tkaesan (Cinderella) ? -250

Trope orang jahat kena batunya. LOUDI LU PARAH BANGET MENYELINGKUHI 3 WANITAAA HEYYYY https://t.co/d4m9SIuNIZ";;;0;"1667470222264250368"
2023-06-10 16:32:00;"lusy.ia";"1452270468694691856";;"-1";"in";"<a href='http://twitter.com/download/android' rel='nofollow'>Twitter for Android</a>";"sp yg abis nonton the little mermaid masi pengen rewatch lg ?????";;;0;"1667464623476588548"
2023-06-10 16:26:21;"XC. Akash Kuntoro";"1164779730840612865";;"-1";"in";"<a href='http://twitter.com/download/android' rel='nofollow'>Twitter for Android</a>";"RT @txtfromxc: Jawabannya Under The Sea - The little mermaid, mana nih yang jadi ariel and the gank kok ga jawab masa kalah sama ayam

@jog…";;;2;"1667463201418784769"
2023-06-10 16:24:28;"xc. ?o?o galuh bagja kuntoro.";"2495194622";;"-1";"in";"<a href='http://twitter.com/download/android' rel='nofollow'>Twitter for Android</a>";"RT @txtfromxc: Jawabannya Under The Sea - The little mermaid, mana nih yang jadi ariel and the gank kok ga jawab masa kalah sama ayam

@jog…";;;2;"1667462727185620992"
2023-06-10 16:23:47;"XC";"1536407991414452224";"txtfromxc";"1536407991414452224";"in";"<a href='http://twitter.com/download/iphone' rel='nofollow'>Twitter for iPhone</a>";"Jawabannya Under The Sea - The little mermaid, mana nih yang jadi ariel and the gank kok ga jawab masa kalah sama ayam

@jogkin 100p
@vernson 50p

Sisanya yang menjawab Under The Sea - The little mermaid di rentang waktu sampai 16.22 dapat 15p ya?";;;2;"1667462552916492288"
2023-06-10 15:23:56;"arren's";"1496540353972768771";;"-1";"in";"<a href='http://twitter.com/download/android' rel='nofollow'>Twitter for Android</a>";"the little mermaid (2023) masih ada di bioskop yah gengs! jangan lupa ditonton ?? https://t.co/tsZuZezi8j https://t.co/92XHylMtpY";;;0;"1667447493515415552"
2023-06-10 14:50:27;"Angelina Anggun";"81994682";;"-1";"in";"<a href='http://twitter.com/download/android' rel='nofollow'>Twitter for Android</a>";"RT @cinecrib_: “Tapi kan itu syutingnya CGI, min?”

Eits jangan salah, meski gak keseluruhan, syuting The Little Mermaid juga beneran di da…";;;6;"1667439065808113664"
2023-06-10 14:50:09;"Angelina Anggun";"81994682";;"-1";"in";"<a href='http://twitter.com/download/android' rel='nofollow'>Twitter for Android</a>";"RT @cinecrib_: Ini adalah foto latihan Halle Bailey waktu mau main film Avenge... eh bukan, bukan Avengers, tapi The Little Mermaid.

'Ribe…";;;19;"1667438992076451840"
2023-06-10 14:33:19;"aloha minnie";"1630146317904379904";;"-1";"in";"<a href='https://mobile.twitter.com' rel='nofollow'>Twitter Web App</a>";"THE LITTLE MERMAID TUNGGU DULU YA";;;0;"1667434755590336515"
2023-06-10 14:14:10;"Gloria";"2502772724";"clinqaunt";"2502772724";"in";"<a href='http://twitter.com/download/android' rel='nofollow'>Twitter for Android</a>";"Pengaruh The Little Mermaid membuat gue tiba-tiba mau rewatch Disney Princess yg lain, abis ini enaknya nonton apa ya?";;;0;"1667429936704163841"
2023-06-10 13:19:29;"Mampir dulu~";"1578386607643582464";;"-1";"in";"<a href='http://twitter.com/download/android' rel='nofollow'>Twitter for Android</a>";"https://t.co/u7l8B43vjV

Kenapa aku baru tauuuuu kalo di Jawa ada tempat2 bagus buat snorkeling ???
Ini malah ada yg di Gresik. Deket bgtttt ama rumah ?";;;0;"1667416171484946432"
2023-06-10 13:17:34;"Cosmopolitan Indonesia";"150182138";;"-1";"in";"<a href='https://dlvrit.com/' rel='nofollow'>dlvr.it</a>";"Contek 10 Ide Nail Art Yang Terinspirasi dari Film The Little Mermaid https://t.co/47NKbjSm4E https://t.co/gr0JKNtYdS";;;0;"1667415692000501760"
2023-06-10 13:14:10;"butler zhang siyuan ?";"749611924938043393";;"-1";"in";"<a href='http://twitter.com/download/iphone' rel='nofollow'>Twitter for iPhone</a>";"RT @KrystianWang_ID: 230610 | Krystian mengikuti aktris di Instagram

Jessica Alexander >> salah satu cast The Little Mermaid 

Apakah Krys…";;;3;"1667414835771088896"
2023-06-10 13:09:13;"febi";"3013448406";;"-1";"in";"<a href='http://twitter.com/download/android' rel='nofollow'>Twitter for Android</a>";"RT @cinecrib_: Ini adalah foto latihan Halle Bailey waktu mau main film Avenge... eh bukan, bukan Avengers, tapi The Little Mermaid.

'Ribe…";;;19;"1667413590943633409"
2023-06-10 13:05:57;"fumi";"1521801923145334785";;"-1";"in";"<a href='http://twitter.com/download/android' rel='nofollow'>Twitter for Android</a>";"RT @cinecrib_: Ini adalah foto latihan Halle Bailey waktu mau main film Avenge... eh bukan, bukan Avengers, tapi The Little Mermaid.

'Ribe…";;;19;"1667412767853408257"
2023-06-10 12:59:17;"Deneisha";"1183960121702899712";;"-1";"in";"<a href='http://twitter.com/download/iphone' rel='nofollow'>Twitter for iPhone</a>";"Gatau nangis brp kali nonton the little mermaid";;;0;"1667411089280348161"
2023-06-10 12:53:19;"galih";"1494923479011164160";;"-1";"in";"<a href='http://twitter.com/download/android' rel='nofollow'>Twitter for Android</a>";"mau nonton the little mermaid sampe ariel berubah jd ikan pari juga gak akan kesampean";;;0;"1667409589908951041"
2023-06-10 12:27:17;"ilo?";"1343590961851498503";"rockmansick";"1009764796562956289";"in";"<a href='http://twitter.com/download/android' rel='nofollow'>Twitter for Android</a>";"@rockmansick Heha sky view opo sing ocean ? nak ocean Wedi nak biu njegur nyang laut gek dadi the little mermaid ???";;;0;"1667403035583344640"
2023-06-10 12:09:36;"majiddd";"1203526965862420486";;"-1";"in";"<a href='http://twitter.com/download/android' rel='nofollow'>Twitter for Android</a>";"RT @cinecrib_: Ini adalah foto latihan Halle Bailey waktu mau main film Avenge... eh bukan, bukan Avengers, tapi The Little Mermaid.

'Ribe…";;;19;"1667398587746246661"
2023-06-10 12:06:57;"bby";"1305463240701345799";;"-1";"in";"<a href='http://twitter.com/download/iphone' rel='nofollow'>Twitter for iPhone</a>";"obsessed with ariel the little mermaid tapi yg versi kartun https://t.co/dlfwxg7qHf";;;0;"1667397920474427395"
2023-06-10 11:55:05;"sena";"1358630941971738624";;"-1";"in";"<a href='https://mobile.twitter.com' rel='nofollow'>Twitter Web App</a>";"the little mermaid aja gua dah demen https://t.co/o4ZNM5OuW0";;;0;"1667394935480528898"
2023-06-10 11:53:22;"hes ?";"1376536453094645762";;"-1";"in";"<a href='http://twitter.com/download/android' rel='nofollow'>Twitter for Android</a>";"Transformer ?
Little mermaid ?
Fast x ?
The boogeyman ? (masih lock soalnya trailernya serem, gamau nnton sndirian wkwkwk)";;;0;"1667394499633643521"
2023-06-10 11:36:19;"alma";"1648651629720375296";;"-1";"in";"<a href='http://twitter.com/download/iphone' rel='nofollow'>Twitter for iPhone</a>";"RT @cinecrib_: “Tapi kan itu syutingnya CGI, min?”

Eits jangan salah, meski gak keseluruhan, syuting The Little Mermaid juga beneran di da…";;;6;"1667390208751566849"
2023-06-10 11:36:06;"alma";"1648651629720375296";;"-1";"in";"<a href='http://twitter.com/download/iphone' rel='nofollow'>Twitter for iPhone</a>";"RT @cinecrib_: Ini adalah foto latihan Halle Bailey waktu mau main film Avenge... eh bukan, bukan Avengers, tapi The Little Mermaid.

'Ribe…";;;19;"1667390156528308225"
2023-06-10 11:24:25;"D.";"1643262894908538880";;"-1";"in";"<a href='http://twitter.com/download/iphone' rel='nofollow'>Twitter for iPhone</a>";"jadi pengen nonton the little mermaid";;;0;"1667387216480600068"
2023-06-10 11:24:10;"deformed bunny ??";"1256650685031964672";;"-1";"in";"<a href='http://twitter.com/download/android' rel='nofollow'>Twitter for Android</a>";"RT @cinecrib_: Ini adalah foto latihan Halle Bailey waktu mau main film Avenge... eh bukan, bukan Avengers, tapi The Little Mermaid.

'Ribe…";;;19;"1667387151078801409"
2023-06-10 11:19:56;"ica.";"1041285389900689408";;"-1";"in";"<a href='https://mobile.twitter.com' rel='nofollow'>Twitter Web App</a>";"RT @cinecrib_: “Tapi kan itu syutingnya CGI, min?”

Eits jangan salah, meski gak keseluruhan, syuting The Little Mermaid juga beneran di da…";;;6;"1667386086824476672"
2023-06-10 11:15:14;"sangiranflying";"1610137865090109440";;"-1";"in";"<a href='http://twitter.com/download/android' rel='nofollow'>Twitter for Android</a>";"RT @cinecrib_: “Tapi kan itu syutingnya CGI, min?”

Eits jangan salah, meski gak keseluruhan, syuting The Little Mermaid juga beneran di da…";;;6;"1667384905725247488"
2023-06-10 11:15:05;"sangiranflying";"1610137865090109440";;"-1";"in";"<a href='http://twitter.com/download/android' rel='nofollow'>Twitter for Android</a>";"RT @cinecrib_: Ini adalah foto latihan Halle Bailey waktu mau main film Avenge... eh bukan, bukan Avengers, tapi The Little Mermaid.

'Ribe…";;;19;"1667384865304760321"
2023-06-10 11:14:37;"D.";"1643262894908538880";"rentfess";"1879038889";"in";"<a href='http://twitter.com/download/iphone' rel='nofollow'>Twitter for iPhone</a>";"@rentfess halo selamat siang, baby boyyy. pas banget di dom aku masih ada the little mermaid, aku avail vvip hari ini sampai seterusnya untuk bxb. sini nonton sama aku ganteng, aku kemarin pengen nonton tapi masih mikir dua kali jadinya aku gagal nonton, berharap bisa nonton bareng kamu — https://t.co/uXj0TyUjwJ";;;0;"1667384748464037889"
2023-06-10 11:14:31;"txtdaricinecrib";"2457563216";"cinecrib_";"2457563216";"in";"<a href='https://mobile.twitter.com' rel='nofollow'>Twitter Web App</a>";"Tunggu apalagi? Kalo belum nonton The Little Mermaid, buruan gih ke bioskop biar bisa nyanyi bareng.

Kalo udah nonton, kasi tau mimin apa lagu favorit kamu di film ini (selain Part of Your World ya). #menyelamilautan https://t.co/f1r8mOZGiW";;;0;"1667384725609287681"
2023-06-10 11:09:23;"txtdaricinecrib";"2457563216";"cinecrib_";"2457563216";"in";"<a href='https://mobile.twitter.com' rel='nofollow'>Twitter Web App</a>";"“Tapi kan itu syutingnya CGI, min?”

Eits jangan salah, meski gak keseluruhan, syuting The Little Mermaid juga beneran di dalem tangki air.

Tidak semudah itu ternyata bikin film yang mayoritas adegannya di dalem air, musikal pula, kibasin rambut pula! #menyelamilautan https://t.co/MmuuLhmlw4";;;6;"1667383434422136832"
2023-06-10 10:58:44;"txtdaricinecrib";"2457563216";;"-1";"in";"<a href='https://mobile.twitter.com' rel='nofollow'>Twitter Web App</a>";"Ini adalah foto latihan Halle Bailey waktu mau main film Avenge... eh bukan, bukan Avengers, tapi The Little Mermaid.

'Ribet amat maen pelem cuma nyanyi-nyanyi aja sampe latihan beban segala?!'

Katanya sih latihan bebannya itu buat adegan di twit selanjutnya gaes, bisa tebak?… https://t.co/Rg2w8Vb86K https://t.co/hQtSivuTXD";;;19;"1667380754480001026"
2023-06-10 10:58:20;"Keandra";"1547108010618945537";"rentfess";"1879038889";"in";"<a href='http://twitter.com/download/android' rel='nofollow'>Twitter for Android</a>";"@rentfess Halo cantik, kebetulan saya bisa banget buat nemenin kamu sebagai bro quality time hari. Gimana kalau kita nonton film yang baru baru ini keluar? kebetulan saya ada movie list dari horor sampai disney. Saya pengen rewatch crater ataupun nonton the little mermaid nanti bareng kamu";;;0;"1667380653904756736"
2023-06-10 10:50:17;"divi";"1511621976195956738";;"-1";"in";"<a href='http://twitter.com/download/android' rel='nofollow'>Twitter for Android</a>";"nunggu cowokgw yg ngajak lama jd ayo siapa pls gw pgn bgt nonton the little mermaid";;;0;"1667378624432078850"
2023-06-10 10:50:05;"??CHECK CARRD DAN LINK?? ON";"1879038889";;"-1";"in";"<a href='https://mobile.twitter.com' rel='nofollow'>Twitter Web App</a>";"Ada bf rent! yang avail hari ini vvip? Mau aku ajak nonton the little mermaid (Kalo di dom kalian masih ada ya) coba reply. Aku tunggu sampai jam 12. Oh ya buat bxb ya hehe";;;0;"1667378575010574336"
2023-06-10 10:41:01;"xc. ?o?o galuh bagja kuntoro.";"2495194622";"jogkin";"2495194622";"in";"<a href='http://twitter.com/download/android' rel='nofollow'>Twitter for Android</a>";"Where does this character come from?
????????????? 
Prince Eric merupakan karakter yang berasal dari serial Princess buatan Disney yang diketahui dengan judul 'The Little Mermaid' dimana ia memiliki pasangan bernama Ariel.";;;0;"1667376293862842368"
2023-06-10 09:44:37;"??? ?";"1161646501";;"-1";"in";"<a href='http://twitter.com/download/android' rel='nofollow'>Twitter for Android</a>";"baru tau, ternyata yang minta rambut gimbal itu Halle nya sendiri karena dia pengen pertahanin ciri KHAS dia.

that's definitely not The Little Mermaid, That's The Little Halle.

idc what you think anymore.";;;0;"1667362098974949376"
2023-06-10 09:05:56;"Putri";"4299844580";;"-1";"in";"<a href='https://mobile.twitter.com' rel='nofollow'>Twitter Web App</a>";"princess favorit w kecil tuh ariel, anaknya kelautan banget yha (pas muncul brave, I root for merida tho). sewaktu nonton the little mermaid (2023), hepi sekali visualisasi alam bawah lautnya bagus banget kek pengen ikutan nyelem langsung kak (nga ada breakwater buat dikomen)";;;0;"1667352366100942849"
2023-06-10 09:03:21;"syafiqjai";"264720798";;"-1";"in";"<a href='http://twitter.com/download/iphone' rel='nofollow'>Twitter for iPhone</a>";"Thank god haritu tengok the little mermaid live action before tengok yang kartun punya. Kalau tak memang lagi maki la cerita tu. Apahal yang live action tak tunjuk langsung king triton tu ada kerajaan yang besar? Save budget or what?";;;0;"1667351715946053632"
2023-06-10 08:58:31;"gal";"844878347020615680";"moviemenfes";"1565895180";"in";"<a href='http://twitter.com/download/iphone' rel='nofollow'>Twitter for iPhone</a>";"@moviemenfes Soalnya bulan ini banyak film bagus nderr. Saingannya the little mermaid, fast x sama transformer. Minggu depan ada the flash, dia juga udah jual ATS?";;;0;"1667350497483984896"
2023-06-10 07:42:15;"krynstian | august • forKrys?";"1372961960950566912";;"-1";"in";"<a href='http://twitter.com/download/android' rel='nofollow'>Twitter for Android</a>";"RT @KrystianWang_ID: 230610 | Krystian mengikuti aktris di Instagram

Jessica Alexander >> salah satu cast The Little Mermaid 

Apakah Krys…";;;3;"1667331305493925889"
2023-06-10 07:26:36;"??";"1337659542276956162";;"-1";"in";"<a href='http://twitter.com/download/android' rel='nofollow'>Twitter for Android</a>";"RT @KrystianWang_ID: 230610 | Krystian mengikuti aktris di Instagram

Jessica Alexander >> salah satu cast The Little Mermaid 

Apakah Krys…";;;3;"1667327368787283971"
2023-06-10 07:24:23;"Krystian Wang Indonesia";"1608333555821838338";;"-1";"in";"<a href='http://twitter.com/download/android' rel='nofollow'>Twitter for Android</a>";"230610 | Krystian mengikuti aktris di Instagram

Jessica Alexander >> salah satu cast The Little Mermaid 

Apakah Krys lagi terobsesi sama Little Mermaid setelah nonton filmnya? ?

#??? #????? #KRYSTIAN 
#KrystianWang #WangNanjun https://t.co/jh7YrPm8pW";;;3;"1667326811540451328"
2023-06-10 07:03:53;"j.";"2306328980";;"-1";"in";"<a href='http://twitter.com/download/android' rel='nofollow'>Twitter for Android</a>";"RT @kegblgnunfaedh: The real the little mermaid syar'i keren banget ?

Ria Ricis bercerita sudah mulai menyelam sejak 2013.

Bahkan, Ricis…";;;1119;"1667321651435016192"
2023-06-10 07:02:43;"tira;missu";"3225719556";;"-1";"in";"<a href='http://twitter.com/download/iphone' rel='nofollow'>Twitter for iPhone</a>";"Kayaknya gue salah download soundtracknya the little mermaid deh ?

The little 'catty' ....? https://t.co/54siEOy7OT";;;4;"1667321358706167808"
2023-06-10 06:46:05;"wimin??";"1157283368221810689";;"-1";"in";"<a href='http://twitter.com/download/android' rel='nofollow'>Twitter for Android</a>";"jangan sampai dari nak tengok polis evo jadi the little mermaid ?";;;0;"1667317169527615488"
2023-06-10 05:45:00;"ON · KIRIM MENFESS CHECK PINNED";"1565895180";;"-1";"in";"<a href='https://about.twitter.com/products/tweetdeck' rel='nofollow'>TweetDeck</a>";"telat ga sih kalo baru mo nonton the little mermaid? udh turun layar blm yaa? apa mending nunggu rilis online aja? kmrn2 belum sempet soalnya? mvs";;;0;"1667301797999022081"
2023-06-10 05:32:57;"j's";"1541218912763006976";;"-1";"in";"<a href='http://twitter.com/download/android' rel='nofollow'>Twitter for Android</a>";"RT @literarybase: /LT Sender baruuu banget nemuin buku “The Little Mermaid” ini dan akhirnya cari² tau. Ternyata bukunya ngejelasin tentang…";;;341;"1667298767954120704"
2023-06-10 00:07:09;"Lemongrass";"443686013";"sekaarpe";"443686013";"in";"<a href='http://twitter.com/download/iphone' rel='nofollow'>Twitter for iPhone</a>";"Little Mermaid (M)

Actually i enjoyed it from the beginning sampe hampir akhir. Apalagi scene lagoon, beuh cakep bet. Halle as Ariel jg no issue. Isu besar teh metode resolusi puncak konflik yg as I saw it was merely nggembosi Ursula ?

8/10

#blincimovieseries";;;0;"1667216777213009920"
2023-06-09 23:55:15;"Erica?";"1532029815691579393";"moviemenfes";"1565895180";"in";"<a href='http://twitter.com/download/android' rel='nofollow'>Twitter for Android</a>";"@moviemenfes Idc about the race, cm satu2nya yg aku pikirin buat Tangled LA itu gmn cara ngakalin rambutnya yg bahkan lebih panjang dr tinggi menaranya :') I mean buat geraknya gt apa g susah y wrwr ngeliat bts the little mermaid waktu scene Halle di laut aja kyk bingung sendiri gmn ini ?";;;0;"1667213783402684416"
2023-06-09 22:57:28;"kyyyy ?";"1358825802054311937";;"-1";"in";"<a href='http://twitter.com/download/android' rel='nofollow'>Twitter for Android</a>";"lagu ini kok gak di tayangin di the little mermaid ya, padahal nungguin https://t.co/QCeNCKGLbh";;;0;"1667199241163517952"
2023-06-09 22:51:56;"muhammad adami";"847277373598781444";;"-1";"in";"<a href='http://twitter.com/download/android' rel='nofollow'>Twitter for Android</a>";"RT @WatchmenID: Oke berikut review kami untuk The Little Mermaid (2023)

#wmidreview https://t.co/lSNLIiNu6k";;;81;"1667197845995413506"
2023-06-09 22:45:57;"Casual Pokémon UNITE Player";"828616504501342208";;"-1";"in";"<a href='http://twitter.com/download/android' rel='nofollow'>Twitter for Android</a>";"Abis nonton The Little Mermaid dan terhibur banget sama Sebastian aaaaaaa suka.";;;0;"1667196339699195904"
2023-06-09 22:37:21;"caaa ??";"1377189750231101446";;"-1";"in";"<a href='http://twitter.com/download/android' rel='nofollow'>Twitter for Android</a>";"RT @penerbitkakatua: Dalam buku ini terdapat 16 dongeng yang disertai ilustrasi asli, termasuk Si Putri Duyung (The Little Mermaid). https:…";;;24;"1667194177896214530"
2023-06-09 22:10:53;"Daisy O. Varane.";"1516168379953950725";"soundsofdrug";"1612617048638775297";"in";"<a href='http://twitter.com/download/android' rel='nofollow'>Twitter for Android</a>";"@soundsofdrug ??

 ??

 ??
Kita ga jadi nonton The Little Mermaid? Padahal katanya kemarin mau nemenin aku nonton. Kamu gimana sih?
 ??

 ??

 ??";;;0;"1667187515160420358"
2023-06-09 22:02:10;"Koko";"1188159524936400896";;"-1";"in";"<a href='http://twitter.com/download/android' rel='nofollow'>Twitter for Android</a>";"The Little Mermaid,

Awalnya gatau kenapa bosenin gitu. Buat lautnya juga kurang memanjakan mata. Sederhana bisa dibilang,

Tapi pas ariel punya kaki, dari situ mulai menikmati sampe akhir

Pertarungan akhirnya bisa dibilang biasa, tapi ending filmnya cukup bikin seneng

Lumayan.";;;0;"1667185321069387779"
2023-06-09 21:41:05;"raFEYf??????";"1564078316008931328";"ciaocieal";"1666078719499436034";"in";"<a href='http://twitter.com/download/android' rel='nofollow'>Twitter for Android</a>";"@ciaocieal LUCUNYAAA,btw ciel udh nonton the little mermaid blum???";;;0;"1667180016159817734"
2023-06-09 21:35:51;"Your affection";"801996430780960768";;"-1";"in";"<a href='http://twitter.com/download/android' rel='nofollow'>Twitter for Android</a>";"Gimana sih konsepnya. Nonton The little mermaid kok bisa nangis tu gimana anjirr!! Baru jg nyanyi part of the world dah nangis. Fakkk fakkk ??? gak bisa aku, trs nyanyi under the sea jg nangis grgr sebagus itu visualnya. Secantik itu! ? Thank God, i grow up with Disney ?";;;0;"1667178698989088769"
2023-06-09 21:34:29;"doseofme";"1665746069890940928";;"-1";"in";"<a href='http://twitter.com/download/iphone' rel='nofollow'>Twitter for iPhone</a>";"hari ini happyyyy ? nonton the little mermaid. mam ice cream fountain. minum es kelapa. makan ayam penyet. minum es jeruk. aaa happy tummy happy me happy life ? thanks dwiky sudah menemani hari ini ????";;;0;"1667178356142489618"
2023-06-09 20:29:40;"dew camaba (aamiin) era";"1461157945761165315";;"-1";"in";"<a href='http://twitter.com/download/iphone' rel='nofollow'>Twitter for iPhone</a>";"RT @HabisNontonFilm: Kalo ada alasan kenapa The Little Mermaid perlu dibuatin live action, salah satunya pasti karena Halle Bailey.

She's…";;;338;"1667162043647139840"
2023-06-09 20:29:09;"?";"141178894";;"-1";"in";"<a href='https://mobile.twitter.com' rel='nofollow'>Twitter Web App</a>";"Bapak: Marmet (Maksudnya The Little Mermaid)";;;0;"1667161914445819907"
2023-06-09 19:37:11;"diney";"1131182619758960640";;"-1";"in";"<a href='http://twitter.com/download/iphone' rel='nofollow'>Twitter for iPhone</a>";"the little mermaid kpn keluar di disneyplus?";;;0;"1667148837029580800"
2023-06-09 19:25:45;"Ika Utami";"179566399";;"-1";"in";"<a href='http://twitter.com/download/iphone' rel='nofollow'>Twitter for iPhone</a>";"Padahal dari duluuuuu nungguin banget the little mermaid live action…";;;0;"1667145958331924481"
2023-06-09 19:17:12;"Don Quixote";"1498350107212713989";"handokotjung";"148332642";"in";"<a href='http://twitter.com/download/android' rel='nofollow'>Twitter for Android</a>";"@handokotjung Dan karena nonton The Way of Water dulu, The Little Mermaid jadi 'kerasa ampas' efek visual lautnya";;;0;"1667143807400570880"
2023-06-09 19:10:27;"del?";"1582707194947981313";;"-1";"in";"<a href='http://twitter.com/download/android' rel='nofollow'>Twitter for Android</a>";"Dikira nonton the little mermaid bakal sepi gitu ternyata masih penuh bocil?";;;0;"1667142108694855680"
2023-06-09 18:56:21;"gemuk air";"285063191";;"-1";"in";"<a href='http://twitter.com/download/android' rel='nofollow'>Twitter for Android</a>";"RT @kegblgnunfaedh: The real the little mermaid syar'i keren banget ?

Ria Ricis bercerita sudah mulai menyelam sejak 2013.

Bahkan, Ricis…";;;1119;"1667138561328701440"
2023-06-09 18:55:58;"???????.";"1657614558872350720";"retrorikasi";"1657614558872350720";"in";"<a href='http://twitter.com/#!/download/ipad' rel='nofollow'>Twitter for iPad</a>";"??
“Mengubah suara? Jadi teringat film muggle berjudul The Little Mermaid,” ucapnya sembari mengingat film muggle yang ditontonnya semalam setelah mendengar penjelasan sang pengampu.
 ?? https://t.co/8uBniDlHPi";;;0;"1667138462565425153"
2023-06-09 18:55:43;"muhammad rizky f";"4511762113";;"-1";"in";"<a href='http://twitter.com/download/iphone' rel='nofollow'>Twitter for iPhone</a>";"the little mermaid jgn turun layar dulu dong, aku blm nonton ???";;;0;"1667138401274056706"
2023-06-09 18:22:02;"Kompas Lifestyle";"238047889";;"-1";"in";"<a href='http://health.kompas.com' rel='nofollow'>KOMPAS.com   .</a>";"Latihan Fisik Halle Bailey demi 'The Little Mermaid', Mulai Jam 4 Pagi https://t.co/mmBJW1HxVw";;;0;"1667129924623425536"
2023-06-09 18:03:33;"tanpanama.";"1245635527371419648";;"-1";"in";"<a href='http://twitter.com/download/android' rel='nofollow'>Twitter for Android</a>";"RT @kegblgnunfaedh: The real the little mermaid syar'i keren banget ?

Ria Ricis bercerita sudah mulai menyelam sejak 2013.

Bahkan, Ricis…";;;1119;"1667125272733454337"
2023-06-09 17:53:09;"? deakademiya ?";"1627904795444133888";"deakademiya";"1627904795444133888";"in";"<a href='http://twitter.com/download/android' rel='nofollow'>Twitter for Android</a>";"07. Kata temanku Ariel The Little Mermaid, tempatnya rahasia ><

08. ?

09. Makan! Ga apa lagi sedih, yg penting makan enak ?

10. One and only @szngah ?

11. ?

12. Hmmm nggaaa 

13. ? Minuum

14. 'harusnya bisa, sebentar aku pastikan lagi ya haru ?'

15. ? Minum lagi~ https://t.co/gUmEhw0lli";;;0;"1667122655022186499"
